-- phpMyAdmin SQL Dump
-- version 4.8.3
-- https://www.phpmyadmin.net/
--
-- Host: 127.0.0.1
-- Generation Time: Jul 28, 2019 at 07:03 PM
-- Server version: 10.1.35-MariaDB
-- PHP Version: 7.2.9

SET SQL_MODE = "NO_AUTO_VALUE_ON_ZERO";
SET AUTOCOMMIT = 0;
START TRANSACTION;
SET time_zone = "+00:00";


/*!40101 SET @OLD_CHARACTER_SET_CLIENT=@@CHARACTER_SET_CLIENT */;
/*!40101 SET @OLD_CHARACTER_SET_RESULTS=@@CHARACTER_SET_RESULTS */;
/*!40101 SET @OLD_COLLATION_CONNECTION=@@COLLATION_CONNECTION */;
/*!40101 SET NAMES utf8mb4 */;

--
-- Database: `projects`
--

-- --------------------------------------------------------

--
-- Table structure for table `carts`
--

CREATE TABLE `carts` (
  `id` int(11) NOT NULL,
  `modelNo` int(10) NOT NULL,
  `code` int(11) NOT NULL,
  `user_id` int(11) NOT NULL,
  `IsOrdered` tinyint(1) NOT NULL DEFAULT '0',
  `orderDate` date DEFAULT NULL,
  `isReturned` tinyint(1) NOT NULL DEFAULT '0',
  `color` char(5) NOT NULL,
  `size` char(5) NOT NULL,
  `quantity` smallint(5) NOT NULL DEFAULT '1',
  `created_at` timestamp NOT NULL DEFAULT CURRENT_TIMESTAMP,
  `updated_at` timestamp NOT NULL DEFAULT CURRENT_TIMESTAMP,
  `price` decimal(10,2) NOT NULL,
  `ifDiscount` int(2) NOT NULL DEFAULT '0'
) ENGINE=InnoDB DEFAULT CHARSET=utf8;

--
-- Dumping data for table `carts`
--

INSERT INTO `carts` (`id`, `modelNo`, `code`, `user_id`, `IsOrdered`, `orderDate`, `isReturned`, `color`, `size`, `quantity`, `created_at`, `updated_at`, `price`, `ifDiscount`) VALUES
(66, 26, 28, 37, 1, '2019-06-29', 1, 'أبيض', 'XL', 1, '2019-06-29 13:03:43', '2019-06-29 13:03:43', '1000.00', 0),
(68, 23, 29, 37, 1, '2019-06-29', 0, 'أبيض', 'XL', 2, '2019-06-29 13:59:06', '2019-07-02 11:56:47', '400.00', 20),
(69, 23, 29, 39, 1, '2019-06-29', 0, 'بني', 'XXL', 4, '2019-06-29 20:27:57', '2019-06-29 20:28:18', '400.00', 20),
(70, 23, 29, 42, 1, '2019-06-30', 1, 'أبيض', 'XL', 1, '2019-06-30 09:05:05', '2019-06-30 09:05:05', '400.00', 20),
(71, 23, 27, 44, 1, '2019-06-30', 0, 'أسود', 'XL', 4, '2019-06-30 11:17:56', '2019-06-30 11:18:03', '1000.00', 0),
(72, 21, 15, 44, 1, '2019-06-30', 0, 'أسود', 'M', 1, '2019-06-30 11:20:30', '2019-06-30 11:20:30', '500.00', 15),
(73, 21, 15, 44, 1, '2019-06-30', 1, 'بني', 'L', 1, '2019-06-30 11:35:37', '2019-06-30 11:35:37', '500.00', 15),
(76, 23, 27, 37, 1, '2019-07-02', 0, 'أبيض', 'L', 2, '2019-07-02 11:57:28', '2019-07-02 11:57:42', '1000.00', 0),
(77, 21, 15, 37, 1, '2019-07-02', 1, 'أبيض', 'XL', 2, '2019-07-02 11:58:25', '2019-07-02 11:58:40', '500.00', 15),
(83, 19, 31, 37, 1, '2019-07-03', 1, 'أزرق', 'XXL', 5, '2019-07-03 17:54:21', '2019-07-03 17:54:42', '1500.00', 0),
(84, 23, 27, 39, 1, '2019-07-04', 0, 'بني', 'XL', 3, '2019-07-04 10:05:04', '2019-07-04 10:05:37', '1000.00', 22),
(85, 21, 16, 39, 1, '2019-07-04', 0, 'أسود', 'XL', 3, '2019-07-04 10:05:32', '2019-07-04 10:05:45', '100.00', 12),
(86, 23, 29, 39, 1, '2019-07-04', 1, 'أحمر', 'M', 9, '2019-07-04 12:22:11', '2019-07-04 12:22:36', '400.00', 22),
(88, 27, 32, 39, 0, NULL, 0, 'أبيض', 'XL', 1, '2019-07-06 20:49:18', '2019-07-06 20:49:18', '100.00', 0),
(90, 19, 50, 48, 1, '2019-07-21', 0, 'أبيض', 'M', 1, '2019-07-20 22:34:14', '2019-07-20 22:34:14', '100.00', 0);

-- --------------------------------------------------------

--
-- Table structure for table `categories`
--

CREATE TABLE `categories` (
  `categoryNo` int(4) NOT NULL,
  `categoryName` varchar(25) NOT NULL,
  `created_at` timestamp NOT NULL DEFAULT CURRENT_TIMESTAMP,
  `updated_at` timestamp NOT NULL DEFAULT CURRENT_TIMESTAMP,
  `active` tinyint(5) NOT NULL DEFAULT '0'
) ENGINE=InnoDB DEFAULT CHARSET=utf8;

--
-- Dumping data for table `categories`
--

INSERT INTO `categories` (`categoryNo`, `categoryName`, `created_at`, `updated_at`, `active`) VALUES
(17, 'تركى', '2019-06-22 13:48:22', '2019-06-22 12:56:28', 0),
(18, 'خليجى', '2019-03-27 19:47:46', '2019-06-23 18:18:26', 0),
(19, 'مودرن', '2019-06-22 14:01:30', '2019-03-26 18:46:33', 0);

-- --------------------------------------------------------

--
-- Table structure for table `colors`
--

CREATE TABLE `colors` (
  `id` int(11) NOT NULL,
  `code` int(11) NOT NULL,
  `color` varchar(50) NOT NULL,
  `count` int(5) NOT NULL,
  `created_at` timestamp NOT NULL DEFAULT CURRENT_TIMESTAMP,
  `updated_at` timestamp NOT NULL DEFAULT CURRENT_TIMESTAMP
) ENGINE=InnoDB DEFAULT CHARSET=utf8;

--
-- Dumping data for table `colors`
--

INSERT INTO `colors` (`id`, `code`, `color`, `count`, `created_at`, `updated_at`) VALUES
(346, 30, 'أبيض', 12, '2019-07-10 22:42:33', '2019-07-10 22:42:33'),
(347, 30, 'أسود', 12, '2019-07-10 22:42:33', '2019-07-10 22:42:33'),
(348, 30, 'أحمر', 12, '2019-07-10 22:42:34', '2019-07-10 22:42:34'),
(349, 30, 'بني', 12, '2019-07-10 22:42:34', '2019-07-10 22:42:34'),
(350, 27, 'أبيض', 30, '2019-07-10 22:43:33', '2019-07-10 22:43:33'),
(351, 27, 'أسود', 30, '2019-07-10 22:43:33', '2019-07-10 22:43:33'),
(352, 27, 'أزرق', 30, '2019-07-10 22:43:33', '2019-07-10 22:43:33'),
(353, 27, 'أخضر', 30, '2019-07-10 22:43:34', '2019-07-10 22:43:34'),
(364, 28, 'أبيض', 35, '2019-07-11 02:51:28', '2019-07-11 02:51:28'),
(365, 28, 'أسود', 35, '2019-07-11 02:51:31', '2019-07-11 02:51:31'),
(366, 28, 'أحمر', 35, '2019-07-11 02:51:33', '2019-07-11 02:51:33'),
(367, 28, 'بيج', 35, '2019-07-11 02:51:35', '2019-07-11 02:51:35'),
(368, 28, 'أزرق', 35, '2019-07-11 02:51:37', '2019-07-11 02:51:37'),
(370, 26, 'أحمر', 19, '2019-07-11 02:52:54', '2019-07-11 02:52:54'),
(371, 26, 'بيج', 19, '2019-07-11 02:53:03', '2019-07-11 02:53:03'),
(372, 26, 'أزرق', 19, '2019-07-11 02:53:09', '2019-07-11 02:53:09'),
(373, 26, 'بني', 19, '2019-07-11 02:53:15', '2019-07-11 02:53:15'),
(374, 26, 'أخضر', 19, '2019-07-11 02:53:18', '2019-07-11 02:53:18'),
(375, 25, 'أبيض', 50, '2019-07-11 02:54:19', '2019-07-11 02:54:19'),
(376, 25, 'أسود', 50, '2019-07-11 02:54:20', '2019-07-11 02:54:20'),
(377, 25, 'أزرق', 50, '2019-07-11 02:54:22', '2019-07-11 02:54:22'),
(379, 24, 'أسود', 100, '2019-07-11 02:54:55', '2019-07-11 02:54:55'),
(380, 23, 'أسود', 100, '2019-07-11 02:56:23', '2019-07-11 02:56:23'),
(381, 23, 'أحمر', 100, '2019-07-11 02:56:25', '2019-07-11 02:56:25'),
(382, 23, 'بيج', 100, '2019-07-11 02:56:25', '2019-07-11 02:56:25'),
(383, 23, 'بني', 100, '2019-07-11 02:56:26', '2019-07-11 02:56:26'),
(384, 22, 'أبيض', 20, '2019-07-11 02:57:04', '2019-07-11 02:57:04'),
(385, 22, 'بيج', 20, '2019-07-11 02:57:05', '2019-07-11 02:57:05'),
(386, 22, 'رصاصي', 20, '2019-07-11 02:57:06', '2019-07-11 02:57:06'),
(392, 20, 'أسود', 10, '2019-07-11 02:58:41', '2019-07-11 02:58:41'),
(393, 7, 'أسود', 45, '2019-07-11 03:05:24', '2019-07-11 03:05:24'),
(394, 16, 'بيج', 5, '2019-07-11 03:06:49', '2019-07-11 03:06:49'),
(395, 16, 'أزرق', 5, '2019-07-11 03:06:51', '2019-07-11 03:06:51'),
(396, 16, 'بني', 5, '2019-07-11 03:06:52', '2019-07-11 03:06:52'),
(397, 16, 'رصاصي', 5, '2019-07-11 03:06:54', '2019-07-11 03:06:54'),
(402, 15, 'أسود', 100, '2019-07-11 03:08:19', '2019-07-11 03:08:19'),
(403, 15, 'بيج', 100, '2019-07-11 03:08:20', '2019-07-11 03:08:20'),
(404, 15, 'أزرق', 100, '2019-07-11 03:08:20', '2019-07-11 03:08:20'),
(405, 15, 'بني', 100, '2019-07-11 03:08:21', '2019-07-11 03:08:21'),
(406, 14, 'أسود', 40, '2019-07-11 03:09:09', '2019-07-11 03:09:09'),
(407, 14, 'بيج', 40, '2019-07-11 03:09:10', '2019-07-11 03:09:10'),
(408, 14, 'بني', 40, '2019-07-11 03:09:10', '2019-07-11 03:09:10'),
(409, 14, 'رصاصي', 40, '2019-07-11 03:09:10', '2019-07-11 03:09:10'),
(428, 54, 'أبيض', 19, '2019-07-11 03:33:21', '2019-07-11 03:33:21'),
(429, 54, 'أسود', 19, '2019-07-11 03:33:22', '2019-07-11 03:33:22'),
(431, 49, 'أسود', 200, '2019-07-11 03:38:34', '2019-07-11 03:38:34'),
(432, 49, 'بيج', 200, '2019-07-11 03:38:34', '2019-07-11 03:38:34'),
(467, 48, 'أبيض', 5, '2019-07-20 06:30:00', '2019-07-20 06:30:00'),
(468, 48, 'أخضر', 5, '2019-07-20 06:30:04', '2019-07-20 06:30:04'),
(469, 50, 'أبيض', 10, '2019-07-20 06:35:22', '2019-07-20 06:35:22'),
(470, 32, 'أبيض', 10, '2019-07-20 06:35:38', '2019-07-20 06:35:38'),
(471, 32, 'أسود', 10, '2019-07-20 06:35:38', '2019-07-20 06:35:38'),
(478, 29, 'أبيض', 50, '2019-07-20 06:36:39', '2019-07-20 06:36:39'),
(479, 29, 'أسود', 50, '2019-07-20 06:36:44', '2019-07-20 06:36:44'),
(480, 29, 'أحمر', 50, '2019-07-20 06:36:48', '2019-07-20 06:36:48'),
(481, 29, 'بني', 50, '2019-07-20 06:36:51', '2019-07-20 06:36:51'),
(482, 21, 'أبيض', 50, '2019-07-20 06:37:27', '2019-07-20 06:37:27'),
(483, 21, 'أسود', 50, '2019-07-20 06:37:28', '2019-07-20 06:37:28'),
(484, 21, 'أحمر', 50, '2019-07-20 06:37:29', '2019-07-20 06:37:29'),
(485, 21, 'أزرق', 50, '2019-07-20 06:37:29', '2019-07-20 06:37:29'),
(486, 21, 'رصاصي', 50, '2019-07-20 06:37:30', '2019-07-20 06:37:30'),
(487, 4, 'أبيض', 10, '2019-07-20 06:37:58', '2019-07-20 06:37:58'),
(488, 4, 'أحمر', 10, '2019-07-20 06:37:58', '2019-07-20 06:37:58'),
(489, 4, 'أزرق', 10, '2019-07-20 06:37:59', '2019-07-20 06:37:59'),
(490, 55, 'أبيض', 10, '2019-07-20 23:42:49', '2019-07-20 23:42:49'),
(491, 55, 'بني', 10, '2019-07-20 23:42:49', '2019-07-20 23:42:49'),
(492, 31, 'أسود', 17, '2019-07-21 00:21:57', '2019-07-21 00:21:57'),
(493, 31, 'أحمر', 17, '2019-07-21 00:21:58', '2019-07-21 00:21:58'),
(494, 31, 'أزرق', 17, '2019-07-21 00:21:58', '2019-07-21 00:21:58'),
(495, 31, 'أخضر', 17, '2019-07-21 00:21:59', '2019-07-21 00:21:59'),
(496, 56, 'أسود', 200, '2019-07-21 02:29:48', '2019-07-21 02:29:48'),
(497, 56, 'بني', 200, '2019-07-21 02:29:48', '2019-07-21 02:29:48'),
(498, 56, 'أخضر', 200, '2019-07-21 02:29:48', '2019-07-21 02:29:48');

-- --------------------------------------------------------

--
-- Table structure for table `favorites`
--

CREATE TABLE `favorites` (
  `userId` int(11) NOT NULL,
  `code` int(10) NOT NULL,
  `modelNo` int(10) NOT NULL,
  `created_at` timestamp NOT NULL DEFAULT CURRENT_TIMESTAMP,
  `updated_at` timestamp NOT NULL DEFAULT CURRENT_TIMESTAMP
) ENGINE=InnoDB DEFAULT CHARSET=utf8;

--
-- Dumping data for table `favorites`
--

INSERT INTO `favorites` (`userId`, `code`, `modelNo`, `created_at`, `updated_at`) VALUES
(37, 28, 26, '2019-07-08 19:21:36', '2019-07-08 19:21:36'),
(37, 29, 23, '2019-07-08 19:21:29', '2019-07-08 19:21:29'),
(37, 30, 26, '2019-07-08 19:19:06', '2019-07-08 19:19:06'),
(37, 31, 19, '2019-07-08 19:15:03', '2019-07-08 19:15:03'),
(37, 32, 27, '2019-07-08 19:14:45', '2019-07-08 19:14:45'),
(39, 28, 26, '2019-07-03 09:16:42', '2019-07-03 09:16:42'),
(39, 29, 23, '2019-07-03 09:05:49', '2019-07-03 09:05:49'),
(39, 31, 19, '2019-07-06 20:11:57', '2019-07-06 20:11:57'),
(39, 32, 27, '2019-07-06 19:30:26', '2019-07-06 19:30:26'),
(48, 54, 21, '2019-07-20 22:02:48', '2019-07-20 22:02:48');

-- --------------------------------------------------------

--
-- Table structure for table `feedbacks`
--

CREATE TABLE `feedbacks` (
  `memberId` int(10) NOT NULL,
  `code` int(10) NOT NULL,
  `comment` varchar(255) DEFAULT NULL,
  `points` int(5) DEFAULT '0',
  `created_at` timestamp NOT NULL DEFAULT CURRENT_TIMESTAMP,
  `updated_at` timestamp NOT NULL DEFAULT CURRENT_TIMESTAMP,
  `feedbackId` int(11) NOT NULL
) ENGINE=InnoDB DEFAULT CHARSET=utf8;

--
-- Dumping data for table `feedbacks`
--

INSERT INTO `feedbacks` (`memberId`, `code`, `comment`, `points`, `created_at`, `updated_at`, `feedbackId`) VALUES
(39, 4, NULL, 1, '2019-05-04 14:03:18', '2019-05-04 14:03:18', 112),
(36, 16, '', 0, '2019-06-21 10:31:00', '2019-06-23 13:01:48', 115),
(36, 16, '', 0, '2019-06-21 10:31:00', '2019-06-26 07:56:48', 116),
(37, 15, NULL, 4, '2019-06-21 14:18:32', '2019-06-21 14:18:32', 117),
(37, 15, NULL, 4, '2019-06-21 14:18:32', '2019-06-21 14:18:32', 118),
(37, 14, NULL, 1, '2019-06-22 10:16:29', '2019-06-22 10:16:29', 119),
(37, 16, NULL, 2, '2019-06-22 12:05:45', '2019-06-22 12:05:45', 120),
(37, 7, NULL, 4, '2019-06-22 12:21:24', '2019-06-22 12:21:24', 121),
(37, 15, 'حسان علق على تعديل', 0, '2019-06-22 09:49:25', '2019-06-22 09:49:25', 122),
(37, 15, '', 0, '2019-06-22 09:54:34', '2019-07-02 12:18:57', 123),
(39, 15, 'من سلمى احلى تحية', 4, '2019-06-22 09:57:00', '2019-06-22 09:57:00', 124),
(39, 15, 'سلمى تانى', 0, '2019-06-22 09:57:19', '2019-06-22 09:57:19', 125),
(39, 15, 'تست من سلمى', 0, '2019-06-22 09:57:30', '2019-06-22 09:57:30', 126),
(39, 14, 'تست 2 من سلمى', 0, '2019-06-22 09:58:20', '2019-06-22 09:58:20', 127),
(36, 15, NULL, 4, '2019-06-22 22:50:56', '2019-06-22 22:50:56', 128),
(37, 14, '', 0, '2019-06-24 05:44:12', '2019-06-24 05:44:32', 129),
(39, 16, NULL, 4, '2019-06-26 08:48:00', '2019-06-26 08:48:00', 130),
(39, 16, 'سلمى بنطلون قصير', 0, '2019-06-26 05:48:51', '2019-06-26 05:48:51', 131),
(42, 4, 'تعليق من احمد', 0, '2019-06-26 08:15:28', '2019-06-26 08:15:28', 132),
(36, 21, '', 4, '2019-06-26 17:14:34', '2019-06-26 17:14:41', 133),
(37, 28, NULL, 3, '2019-06-29 14:47:55', '2019-06-29 14:47:55', 134),
(37, 28, 'ييييييي', 0, '2019-06-29 11:48:08', '2019-06-29 11:48:08', 135),
(37, 28, 'تانى', 0, '2019-06-29 11:50:59', '2019-06-29 11:50:59', 136),
(39, 29, NULL, 4, '2019-07-01 13:17:28', '2019-07-01 13:17:28', 137),
(39, 29, 'سلمى هنا', 0, '2019-07-01 10:17:52', '2019-07-01 10:17:52', 138),
(39, 29, 'تعليق اخر', 0, '2019-07-01 10:18:22', '2019-07-01 10:18:22', 139),
(37, 30, NULL, 1, '2019-07-02 15:30:53', '2019-07-02 15:30:53', 140),
(45, 29, '', 0, '2019-07-02 12:41:07', '2019-07-02 12:41:23', 141),
(39, 28, NULL, 4, '2019-07-03 12:15:00', '2019-07-03 12:15:00', 142),
(37, 25, NULL, 3, '2019-07-03 21:45:06', '2019-07-03 21:45:06', 143),
(37, 25, 'تعليق من حسام على رقم 25', 0, '2019-07-03 18:45:49', '2019-07-03 18:45:49', 144),
(37, 25, 'تعليق تانى ىمن حسام على رقم 25', 0, '2019-07-03 18:46:04', '2019-07-03 18:46:04', 145),
(37, 25, 'تعليق تانى ىمن حسام على رقم 25', 0, '2019-07-03 18:46:04', '2019-07-03 18:46:04', 146),
(37, 29, 'تعليق من حسام على 29', 3, '2019-07-03 18:55:00', '2019-07-03 18:55:00', 147),
(37, 29, 'تعليق تانى من حسام على 29', 0, '2019-07-03 18:56:17', '2019-07-03 18:56:17', 148),
(37, 31, 'جميل', 3, '2019-07-03 19:09:30', '2019-07-03 19:09:30', 149),
(39, 31, NULL, 3, '2019-07-03 22:27:48', '2019-07-03 22:27:48', 151),
(39, 31, 'جميل من سلمى', 0, '2019-07-03 19:29:26', '2019-07-03 19:29:26', 152),
(39, 31, '', 0, '2019-07-03 19:30:18', '2019-07-03 19:30:25', 153),
(39, 31, '', 0, '2019-07-03 19:41:13', '2019-07-03 19:43:55', 154),
(39, 31, '', 0, '2019-07-03 19:41:22', '2019-07-03 19:43:53', 155),
(39, 31, '', 0, '2019-07-03 19:41:31', '2019-07-03 19:43:51', 156),
(39, 31, '', 0, '2019-07-03 19:45:14', '2019-07-03 19:50:08', 157),
(39, 31, '', 0, '2019-07-03 19:45:26', '2019-07-03 19:49:08', 158),
(39, 31, '', 0, '2019-07-03 19:49:57', '2019-07-03 19:50:07', 159),
(39, 31, 'الشارع', 0, '2019-07-03 20:04:10', '2019-07-03 20:04:10', 160),
(37, 30, '', 0, '2019-07-03 20:32:41', '2019-07-03 20:32:50', 161),
(39, 30, NULL, 1, '2019-07-04 12:54:20', '2019-07-04 12:54:20', 162),
(39, 24, NULL, 4, '2019-07-04 23:13:14', '2019-07-04 23:13:14', 163),
(39, 26, NULL, 3, '2019-07-04 23:15:00', '2019-07-04 23:15:00', 164),
(39, 4, 'تعليق من سلمى', 0, '2019-07-04 20:21:22', '2019-07-04 20:21:22', 165),
(39, 4, 'تعليق تانى من سلمى', 0, '2019-07-04 20:22:56', '2019-07-04 20:22:56', 166),
(39, 4, '', 0, '2019-07-04 20:23:23', '2019-07-04 20:24:08', 167),
(48, 54, '', 3, '2019-07-20 21:45:14', '2019-07-20 21:45:31', 168),
(48, 54, '', 0, '2019-07-20 21:45:39', '2019-07-20 21:49:32', 169),
(48, 54, '', 0, '2019-07-20 21:48:27', '2019-07-20 21:49:30', 170),
(48, 54, '', 0, '2019-07-20 21:49:58', '2019-07-20 21:51:28', 171),
(48, 54, '', 0, '2019-07-20 21:53:13', '2019-07-20 21:57:41', 172),
(48, 54, '', 0, '2019-07-20 21:54:44', '2019-07-20 21:57:39', 173),
(48, 54, '', 0, '2019-07-20 21:56:38', '2019-07-20 21:57:45', 174),
(48, 54, '', 0, '2019-07-20 21:56:38', '2019-07-20 21:57:43', 175),
(48, 54, 'ggggg', 0, '2019-07-20 21:57:26', '2019-07-20 21:57:26', 176),
(48, 54, '', 0, '2019-07-20 21:57:53', '2019-07-20 21:59:38', 177),
(48, 54, '', 0, '2019-07-20 21:58:48', '2019-07-20 21:59:40', 178),
(48, 54, '', 0, '2019-07-20 21:59:17', '2019-07-20 21:59:42', 179),
(48, 54, '', 0, '2019-07-20 21:59:51', '2019-07-20 22:01:24', 180);

-- --------------------------------------------------------

--
-- Table structure for table `fqs`
--

CREATE TABLE `fqs` (
  `id` int(11) NOT NULL,
  `question` text NOT NULL,
  `answer` text NOT NULL,
  `created_at` timestamp NOT NULL DEFAULT CURRENT_TIMESTAMP,
  `updated_at` timestamp NOT NULL DEFAULT CURRENT_TIMESTAMP
) ENGINE=InnoDB DEFAULT CHARSET=utf8;

--
-- Dumping data for table `fqs`
--

INSERT INTO `fqs` (`id`, `question`, `answer`, `created_at`, `updated_at`) VALUES
(4, 'لم يكن هذا ما اشتريته', 'لا تقلق أبدا حيال هذا و تستطيع ارجاع الطلب أى وقت ونتكلف مصاريف الشحن', '2019-04-21 16:41:45', '2019-06-22 20:10:28'),
(5, 'مضى على الطلب 10 ايام ولم يصل', 'مدة الشحن 15 يوم', '2019-04-21 16:43:40', '2019-06-22 20:15:14'),
(6, 'هل ساستعيد ثمن السلع المعادة', 'نحتفظ بحق خصم رسوم الشحن مع إعادة القيمة المالية المدفوعة للسلعة . ويمكنك استعادة رسوم الشحن للسلع التي يتم إعادتها لأسباب تتعلق بعدم الجودة أو وجود أي عيب فيها', '2019-04-21 16:44:26', '2019-06-22 20:21:15'),
(8, 'كيف أتقدم بشكوى من أحد البائعين', 'يمكنك التواصل  مع خدمة العملاء عبر وسائل التواصل أو تليفونات الشركة أو بريدها الالكترونى', '2019-06-22 20:35:36', '2019-06-22 20:47:06');

-- --------------------------------------------------------

--
-- Table structure for table `imodels`
--

CREATE TABLE `imodels` (
  `modelNo` int(10) NOT NULL,
  `modelName` varchar(30) NOT NULL,
  `active` tinyint(5) NOT NULL DEFAULT '0',
  `categoryNo` int(4) NOT NULL,
  `created_at` timestamp NOT NULL DEFAULT CURRENT_TIMESTAMP,
  `updated_at` timestamp NOT NULL DEFAULT CURRENT_TIMESTAMP
) ENGINE=InnoDB DEFAULT CHARSET=utf8;

--
-- Dumping data for table `imodels`
--

INSERT INTO `imodels` (`modelNo`, `modelName`, `active`, `categoryNo`, `created_at`, `updated_at`) VALUES
(18, 'كلوش', 0, 18, '2019-04-17 07:15:32', '2019-06-25 06:35:13'),
(19, 'سهرة', 0, 19, '2019-04-17 07:16:06', '2019-06-23 18:12:36'),
(20, 'جيبات', 0, 19, '2019-04-17 07:16:17', '2019-06-23 18:12:39'),
(21, 'بناطيل', 0, 19, '2019-04-17 07:17:03', '2019-06-23 18:12:43'),
(22, 'تونيكات', 0, 17, '2019-06-22 14:30:58', '2019-06-23 18:12:27'),
(23, 'فساتين', 0, 17, '2019-06-25 16:19:48', '2019-06-25 16:19:48'),
(25, 'فراشة', 0, 18, '2019-06-25 16:52:04', '2019-06-25 16:52:04'),
(26, 'كاجيوال', 0, 18, '2019-06-25 17:45:34', '2019-06-25 17:45:34'),
(27, 'منوع', 0, 17, '2019-06-25 17:52:01', '2019-06-25 17:52:01');

-- --------------------------------------------------------

--
-- Table structure for table `itemimages`
--

CREATE TABLE `itemimages` (
  `image_url` varchar(255) NOT NULL,
  `code` int(10) NOT NULL,
  `modelNo` int(10) NOT NULL,
  `imageId` int(11) NOT NULL,
  `created_at` timestamp NOT NULL DEFAULT CURRENT_TIMESTAMP,
  `updated_at` timestamp NOT NULL DEFAULT CURRENT_TIMESTAMP
) ENGINE=InnoDB DEFAULT CHARSET=utf8;

--
-- Dumping data for table `itemimages`
--

INSERT INTO `itemimages` (`image_url`, `code`, `modelNo`, `imageId`, `created_at`, `updated_at`) VALUES
('uploads/items/150hejab04.jpg', 15, 21, 45, '2019-07-01 06:22:04', '2019-07-01 06:22:04'),
('uploads/items/151trousers10.jpg', 15, 21, 46, '2019-07-01 06:22:04', '2019-07-01 06:22:04'),
('uploads/items/160trousers05.jpg', 16, 21, 47, '2019-07-01 06:22:04', '2019-07-01 06:22:04'),
('uploads/items/161trousers07.jpg', 16, 21, 48, '2019-07-01 06:22:04', '2019-07-01 06:22:04'),
('uploads/items/162trousers08.jpg', 16, 21, 49, '2019-07-01 06:22:04', '2019-07-01 06:22:04'),
('uploads/items/163trousers09.jpg', 16, 21, 50, '2019-07-01 06:22:04', '2019-07-01 06:22:04'),
('uploads/items/200abaya03.jpg', 20, 18, 66, '2019-07-01 06:22:04', '2019-07-01 06:22:04'),
('uploads/items/200abaya03.jpg', 20, 18, 67, '2019-07-01 06:22:04', '2019-07-01 06:22:04'),
('uploads/items/201abya01.jpg', 20, 18, 68, '2019-07-01 06:22:04', '2019-07-01 06:22:04'),
('uploads/items/201abya01.jpg', 20, 18, 69, '2019-07-01 06:22:04', '2019-07-01 06:22:04'),
('uploads/items/220flower02.jpg', 22, 23, 70, '2019-07-01 06:22:04', '2019-07-01 06:22:04'),
('uploads/items/221flower03.jpg', 22, 23, 71, '2019-07-01 06:22:04', '2019-07-01 06:22:04'),
('uploads/items/140autom03.jpg', 14, 22, 75, '2019-07-01 06:22:04', '2019-07-01 06:22:04'),
('uploads/items/141hejab05.jpg', 14, 22, 76, '2019-07-01 06:22:04', '2019-07-01 06:22:04'),
('uploads/items/142product01.png', 14, 22, 77, '2019-07-01 06:22:04', '2019-07-01 06:22:04'),
('uploads/items/230hejaby12.jpg', 23, 20, 78, '2019-07-01 06:22:04', '2019-07-01 06:22:04'),
('uploads/items/231skirt01.jpg', 23, 20, 79, '2019-07-01 06:22:04', '2019-07-01 06:22:04'),
('uploads/items/232trousers01.jpg', 23, 20, 80, '2019-07-01 06:22:04', '2019-07-01 06:22:04'),
('uploads/items/250ازياء-بنات-2018-1-299x450.jpg', 25, 19, 104, '2019-07-01 06:22:04', '2019-07-01 06:22:04'),
('uploads/items/251ازياء-بنات-2018-2-294x450.jpg', 25, 19, 105, '2019-07-01 06:22:04', '2019-07-01 06:22:04'),
('uploads/items/252ازياء-محجبات-صيف-2018-احدث-موضة-ملابس-محجبات-1-295x450.jpg', 25, 19, 106, '2019-07-01 06:22:04', '2019-07-01 06:22:04'),
('uploads/items/2405060.jpg', 24, 25, 107, '2019-07-01 06:22:04', '2019-07-01 06:22:04'),
('uploads/items/241images (2).jpg', 24, 25, 108, '2019-07-01 06:22:04', '2019-07-01 06:22:04'),
('uploads/items/242images (11).jpg', 24, 25, 109, '2019-07-01 06:22:04', '2019-07-01 06:22:04'),
('uploads/items/280images (13).jpg', 28, 26, 110, '2019-07-01 06:22:04', '2019-07-01 06:22:04'),
('uploads/items/281images (15).jpg', 28, 26, 111, '2019-07-01 06:22:04', '2019-07-01 06:22:04'),
('uploads/items/270ازياء-محجبات-جديدة-حلوة-2018-2-317x450.jpg', 27, 23, 116, '2019-07-01 06:22:04', '2019-07-01 06:22:04'),
('uploads/items/271ازياء-محجبات-صيفية-2018-2-300x450.jpg', 27, 23, 117, '2019-07-01 06:22:04', '2019-07-01 06:22:04'),
('uploads/items/272بنات-محجبات-لبس-2018-2-300x450.jpg', 27, 23, 118, '2019-07-01 06:22:04', '2019-07-01 06:22:04'),
('uploads/items/260ازياء-محجبات-صيفي-2018-2-312x450.jpg', 26, 19, 125, '2019-07-01 06:22:04', '2019-07-01 06:22:04'),
('uploads/items/261ازياء-محجبات-صيفية-2018-1-295x450.jpg', 26, 19, 126, '2019-07-01 06:22:04', '2019-07-01 06:22:04'),
('uploads/items/262ازياء-محجبات-للصيف2018-ملابس-و-ازياء-بنات-1-294x450.jpg', 26, 19, 127, '2019-07-01 06:22:04', '2019-07-01 06:22:04'),
('uploads/items/300images (5).jpg', 30, 26, 128, '2019-07-01 06:22:04', '2019-07-01 06:22:04'),
('uploads/items/301images (8).jpg', 30, 26, 129, '2019-07-01 06:22:04', '2019-07-01 06:22:04'),
('uploads/items/302images (9).jpg', 30, 26, 130, '2019-07-01 06:22:04', '2019-07-01 06:22:04'),
('uploads/items/480sefamerve_tesettur_abiye_perya3141_02_4198311557481645562_1-752x1152-241x369.jpg', 48, 27, 138, '2019-07-09 13:01:41', '2019-07-09 13:01:41'),
('uploads/items/481sefamerve_tesettur_abiye_ygs8010_03_4300701560427280636_1-752x1152-241x369.jpg', 48, 27, 139, '2019-07-09 13:01:41', '2019-07-09 13:01:41'),
('uploads/items/70esdal10.jpg', 7, 18, 144, '2019-07-11 03:05:38', '2019-07-11 03:05:38'),
('uploads/items/71esdal11.jpg', 7, 18, 145, '2019-07-11 03:05:40', '2019-07-11 03:05:40'),
('uploads/items/540large_Hijab-summer-outfits13.jpg', 54, 21, 146, '2019-07-11 03:28:58', '2019-07-11 03:28:58'),
('uploads/items/541large_Hijab-summer-outfits19.jpg', 54, 21, 147, '2019-07-11 03:28:58', '2019-07-11 03:28:58'),
('uploads/items/490images (6).jpg', 49, 18, 148, '2019-07-11 03:38:35', '2019-07-11 03:38:35'),
('uploads/items/491images (7).jpg', 49, 18, 149, '2019-07-11 03:38:35', '2019-07-11 03:38:35'),
('uploads/items/500sefamerve_tesettur_abiye_ygs8010_03_4300701560427280636_1-752x1152-241x369.jpg', 50, 19, 150, '2019-07-20 05:04:02', '2019-07-20 05:04:02'),
('uploads/items/501sefamerve_tesettur_abiye_ygs8010_04_4300711560427263612_1-241x369.jpg', 50, 19, 151, '2019-07-20 05:04:02', '2019-07-20 05:04:02'),
('uploads/items/320item04.jpg', 32, 27, 152, '2019-07-20 05:08:44', '2019-07-20 05:08:44'),
('uploads/items/321item05.jpg', 32, 27, 153, '2019-07-20 05:08:45', '2019-07-20 05:08:45'),
('uploads/items/40فساتين-2019-1-295x450.jpg', 4, 20, 157, '2019-07-20 05:14:16', '2019-07-20 05:14:16'),
('uploads/items/41فساتين-2019-2-295x450.jpg', 4, 20, 158, '2019-07-20 05:14:16', '2019-07-20 05:14:16'),
('uploads/items/290sefamerve_tesettur_abiye_fycl52757_03_4250681559118696298_1-752x1152-241x369 (1).jpg', 29, 23, 159, '2019-07-20 05:16:14', '2019-07-20 05:16:14'),
('uploads/items/291sefamerve_tesettur_abiye_fycl52757_03_4250681559118696298_1-752x1152-241x369.jpg', 29, 23, 160, '2019-07-20 05:16:15', '2019-07-20 05:16:15'),
('uploads/items/292sefamerve_tesettur_elbise_ygs8007_03_4275601559045437186_1-752x1152-241x369.jpg', 29, 23, 161, '2019-07-20 05:16:15', '2019-07-20 05:16:15'),
('uploads/items/210item8.jpg', 21, 27, 165, '2019-07-20 06:00:02', '2019-07-20 06:00:02'),
('uploads/items/211slider04.png', 21, 27, 166, '2019-07-20 06:00:03', '2019-07-20 06:00:03'),
('uploads/items/550item02.jpg', 55, 25, 167, '2019-07-20 06:20:41', '2019-07-20 06:20:41'),
('uploads/items/551item03.jpg', 55, 25, 168, '2019-07-20 06:20:42', '2019-07-20 06:20:42'),
('uploads/items/552item04.jpg', 55, 25, 169, '2019-07-20 06:20:42', '2019-07-20 06:20:42'),
('uploads/items/310sefamerve_tesettur_abiye_ygs8010_04_4300711560427263612_1-241x369.jpg', 31, 19, 170, '2019-07-21 00:22:02', '2019-07-21 00:22:02'),
('uploads/items/311sefamerve_tesettur_elbise_ygs8007_03_4275601559045437186_1-752x1152-241x369.jpg', 31, 19, 171, '2019-07-21 00:22:03', '2019-07-21 00:22:03'),
('uploads/items/5607-22.jpg', 56, 23, 172, '2019-07-21 02:29:49', '2019-07-21 02:29:49'),
('uploads/items/56116-11.jpg', 56, 23, 173, '2019-07-21 02:29:50', '2019-07-21 02:29:50');

-- --------------------------------------------------------

--
-- Table structure for table `items`
--

CREATE TABLE `items` (
  `code` int(10) NOT NULL,
  `price` decimal(10,2) NOT NULL,
  `advice` varchar(500) DEFAULT NULL,
  `modelNo` int(10) NOT NULL,
  `created_at` timestamp NOT NULL DEFAULT CURRENT_TIMESTAMP,
  `updated_at` timestamp NOT NULL DEFAULT CURRENT_TIMESTAMP,
  `itemDescription` varchar(255) DEFAULT NULL,
  `wash` varchar(50) DEFAULT NULL,
  `materialType1` varchar(100) DEFAULT NULL,
  `materialRatio1` int(5) DEFAULT NULL,
  `materialType2` varchar(100) DEFAULT 'آخر',
  `materialRatio2` int(5) NOT NULL DEFAULT '0',
  `quantity` int(10) NOT NULL,
  `active` tinyint(5) NOT NULL DEFAULT '0',
  `slider` char(10) NOT NULL DEFAULT 'لا'
) ENGINE=InnoDB DEFAULT CHARSET=utf8;

--
-- Dumping data for table `items`
--

INSERT INTO `items` (`code`, `price`, `advice`, `modelNo`, `created_at`, `updated_at`, `itemDescription`, `wash`, `materialType1`, `materialRatio1`, `materialType2`, `materialRatio2`, `quantity`, `active`, `slider`) VALUES
(4, '300.00', 'تلبس مع بلوزة صيفى قصيرة ومناسبة لكافة أنواع الاكسسوار والاحذية ويفضل ارتاؤها مع شنطة صغيرة أو متوسطة', 20, '2019-04-18 03:37:42', '2019-06-26 08:07:52', 'جيبة سادة بسيطة', 'غسالة اتوماتيك على البارد', 'حرير', 30, 'مختلفة', 70, 10, 0, 'نعم'),
(7, '500.00', 'تلبس صيفا وشتاء   يفضل ارتداء شنطة بنية كبيرة وحذاء جلدى بنى كعب متوسط او عالى', 18, '2019-05-16 19:33:19', '2019-05-16 19:33:19', 'عباية  سوداء مطرزة الوان', 'غسالة اتوماتيك', 'فسكوز', 80, 'بوليستر', 20, 45, 0, 'لا'),
(14, '600.00', 'يفضل ارتداؤه  مع حذاء رياضى وشنطة كاجيوال وحجاب مودرن', 22, '2019-06-09 20:52:54', '2019-06-09 20:52:54', 'تونيك خريفى سادة', 'غسالة اوتوماتيك', 'قطن', 95, 'آخر', 5, 40, 0, 'لا'),
(15, '500.00', 'مناسب جدا للجامعة والسياحة والحياة العملية \r\nمناسب مع حذاء جلد كاجيوال او حذاء رياضة وشنطة صغيرة', 21, '2019-06-13 03:46:48', '2019-06-13 03:46:48', 'بنطلون مودرن مع شميز طويل', 'غسالة اوتوماتيك', 'قطن', 80, 'بولستر', 10, 100, 0, 'لا'),
(16, '100.00', 'رياضى جدا وعملى يصلح ارتداء  كافة انواع الاحذية معه وكذلك كافة انواع الشنط', 21, '2019-06-13 04:02:52', '2019-06-13 04:02:52', 'بنطلون قصير بلوزة  متوسطة الطول', 'غسالة اتوماتيك', 'قطن', 70, 'مختلفة', 30, 5, 0, 'لا'),
(20, '550.00', 'مناسبة لجميع أيام السنة', 18, '2019-06-23 07:01:32', '2019-06-25 06:39:14', 'عباية سمرا مودرن', 'غسالة اتوماتيك', 'حرير', 90, 'اخر', 10, 10, 0, 'لا'),
(21, '300.00', 'يلبس خريفا بعد الظهر مع شنطة كبيرة وحذاء جلدى عالى', 27, '2019-06-23 08:44:32', '2019-06-23 08:44:32', 'سادة عملى', 'يدوى', 'قطن', 80, 'احر', 5, 50, 0, 'نعم'),
(22, '800.00', 'فستان صيفى نهارى  يلبس مع احذية جلدية أو صنادل عالية وشنطة صغيرة', 23, '2019-06-23 09:01:22', '2019-06-23 09:01:22', 'فستان ماكسى ازهار كلوش', 'يدوى', 'حرير', 56, 'اخر', 30, 20, 0, 'لا'),
(23, '350.00', 'تلبس خريفا وصيفا على حذاء رياضى أو جلدى كاجيوال ومناسبة لجميع أنواع الشنط  , يرتدى معها بلوزة حرير أو شميز قطن', 20, '2019-06-25 13:50:33', '2019-06-25 13:50:33', 'جيبة بناتى سادة', 'غسالة أوتوماتيك', 'حرير', 50, 'آخر', 0, 100, 0, 'لا'),
(24, '400.00', 'عباية واسعة مناسبة للصلاة فى المساجد والمناسبات الرسمية يرتدى معها حذاء جلد  أرضى مريح وشنطة صغيرة', 25, '2019-06-25 13:55:09', '2019-06-25 13:55:09', 'عباية كم فراشة واسعة', 'غسالة أتوماتيك', 'حرير', 75, 'آخر', 3, 100, 0, 'لا'),
(25, '2000.00', 'فستان مطرز مناسب لمناسبت الشبكة والخطوبة وما شابهها يرتدى مع حذاء عالى جلدى ناعم وبوك مزين', 19, '2019-06-25 14:04:30', '2019-06-25 14:04:30', 'فستان  كلوش ماكس مطرز', 'يدوى', 'جبير', 70, 'حرير', 20, 50, 0, 'لا'),
(26, '1500.00', 'مناسب لكافة المناسبات يرتدى مع بوك سهرة وحذاء جلدى عالى', 19, '2019-06-25 14:09:22', '2019-06-25 16:11:33', 'فستان حرير واسع مناسبات', 'يدوى', 'حرير', 90, 'زينة', 5, 19, 0, 'لا'),
(27, '1000.00', 'يرتدى فى غير المناسبت العملية مع شنطة صغيرة وحذاء جلدى ناعم', 23, '2019-06-25 14:20:41', '2019-06-25 14:20:41', 'فستان جبير سادة', 'يدوى', 'حرير', 70, 'جبير', 20, 30, 0, 'لا'),
(28, '1000.00', 'عملية وتصلح لكافة المناسبات', 26, '2019-06-25 14:47:10', '2019-06-25 14:47:10', 'عباية أسود وأبيض كم واسع', 'غسالة اتوماتيك', 'حرير', 80, 'زينة', 5, 35, 0, 'لا'),
(29, '400.00', 'صيفى وخريفى يرتدى مع حذاء جلد عالى وشنطة صغيرة', 23, '2019-06-25 14:53:45', '2019-06-25 14:53:45', 'فستان  كلوش حرير', 'غسالة اتوماتيك', 'حرير', 70, 'آخر', 0, 50, 0, 'نعم'),
(30, '500.00', 'تلبس مع حذاء جلدى أو رياضى مناسبة لكافة المناسبات وكافة أنواع الشنط', 26, '2019-06-26 08:13:43', '2019-06-30 08:58:52', 'عباية كتف عادى', 'غسالة أتوماتيك', 'حرير', 80, 'آخر', 0, 12, 0, 'لا'),
(31, '1500.00', 'يرتدى مع شنطة صغيرة سبور', 19, '2019-07-03 12:22:11', '2019-07-05 12:19:45', 'فستان سهرة  شيفون كلوش', 'يدوى', 'شيفون', 90, 'آخر', 0, 17, 0, 'نعم'),
(32, '100.00', 'نصيحة المستخدم', 27, '2019-07-05 14:26:55', '2019-07-05 14:26:55', 'بلوزة كاجيوال', 'يدوى', 'حرير', 10, 'آخر', 0, 10, 0, 'نعم'),
(48, '500.00', 'يلبس مع شنطة صغيرة', 27, '2019-07-09 10:01:40', '2019-07-10 18:52:58', 'تجربة المقاسات', 'يدوى', 'حرير', 70, 'آخر', 0, 5, 0, 'نعم'),
(49, '200.00', 'ترتدى مع شنطة متوسطة وتناسب كافة انواع الاحذية', 18, '2019-07-09 18:32:14', '2019-07-11 00:35:46', 'عباية حرملة', 'يدوى', 'حرير', 10, 'آخر', 0, 200, 0, 'لا'),
(50, '100.00', 'يلبس مع شنطة صغيرة وحذاء عالى ناعم', 19, '2019-07-10 19:24:27', '2019-07-10 19:24:27', 'فستان سادة سهرة', 'يدوى', 'جبير', 10, 'آخر', 0, 10, 0, 'نعم'),
(54, '250.00', 'يرتدى على ىالشاطيء', 21, '2019-07-11 00:28:57', '2019-07-11 00:28:57', 'بنطلون شاطيء مقلم', 'يدوى', 'قطن', 50, 'كتان', 10, 19, 0, 'لا'),
(55, '1000.00', 'نصيحة غالية جدا', 25, '2019-07-20 03:20:41', '2019-07-20 03:20:41', 'تست سلايدر', 'يدوى', 'قطن', 50, 'آخر', 0, 10, 0, 'نعم'),
(56, '100.00', 'فستان نهارى يلبس صيفا وخريفا على حذاء كعب عالى وشبطة صغيرة', 23, '2019-07-20 23:29:48', '2019-07-20 23:29:48', 'تست تانى', 'يدوى', 'حرير', 50, 'آخر', 0, 200, 0, 'لا');

-- --------------------------------------------------------

--
-- Table structure for table `migrations`
--

CREATE TABLE `migrations` (
  `id` int(10) UNSIGNED NOT NULL,
  `migration` varchar(255) COLLATE utf8mb4_unicode_ci NOT NULL,
  `batch` int(11) NOT NULL
) ENGINE=InnoDB DEFAULT CHARSET=utf8mb4 COLLATE=utf8mb4_unicode_ci;

-- --------------------------------------------------------

--
-- Table structure for table `names`
--

CREATE TABLE `names` (
  `nameId` int(5) NOT NULL,
  `nameSale` varchar(255) NOT NULL,
  `created_at` timestamp NOT NULL DEFAULT CURRENT_TIMESTAMP,
  `updated_at` timestamp NOT NULL DEFAULT CURRENT_TIMESTAMP
) ENGINE=InnoDB DEFAULT CHARSET=utf8;

--
-- Dumping data for table `names`
--

INSERT INTO `names` (`nameId`, `nameSale`, `created_at`, `updated_at`) VALUES
(1, 'الصيف', '2019-05-26 22:32:14', '2019-05-26 22:32:14'),
(2, 'الشتاء', '2019-05-26 22:32:14', '2019-05-26 22:32:14'),
(3, 'الخريف', '2019-05-26 22:33:28', '2019-05-26 22:33:28'),
(4, 'الربيع', '2019-05-26 22:33:28', '2019-05-26 22:33:28'),
(5, 'يناير', '2019-05-26 22:48:33', '2019-05-26 22:48:33'),
(6, 'فبراير', '2019-05-26 22:48:33', '2019-05-26 22:48:33'),
(7, 'مارس', '2019-05-26 22:48:33', '2019-05-26 22:48:33'),
(8, 'أبريل', '2019-05-26 22:48:33', '2019-05-26 22:48:33'),
(9, 'مايو', '2019-05-26 22:48:33', '2019-05-26 22:48:33'),
(10, 'يونية ', '2019-05-26 22:48:33', '2019-05-26 22:48:33'),
(11, 'يوليو', '2019-05-26 22:48:33', '2019-05-26 22:48:33'),
(12, 'أغسطس', '2019-05-26 22:48:33', '2019-05-26 22:48:33'),
(13, 'سبتمبر', '2019-05-26 22:48:33', '2019-05-26 22:48:33'),
(14, 'أكتوبر', '2019-05-26 22:48:33', '2019-05-26 22:48:33'),
(15, 'نوفمبر', '2019-05-26 22:48:33', '2019-05-26 22:48:33'),
(16, 'ديسمبر', '2019-05-26 22:49:00', '2019-05-26 22:49:00');

-- --------------------------------------------------------

--
-- Table structure for table `orders`
--

CREATE TABLE `orders` (
  `orderNo` int(11) NOT NULL,
  `isReturned` tinyint(1) NOT NULL DEFAULT '0',
  `isPaid` tinyint(1) NOT NULL DEFAULT '0',
  `status` tinyint(1) NOT NULL DEFAULT '0',
  `created_at` timestamp NOT NULL DEFAULT CURRENT_TIMESTAMP,
  `updated_at` timestamp NOT NULL DEFAULT CURRENT_TIMESTAMP,
  `user_id` int(11) NOT NULL,
  `cart_id` varchar(255) NOT NULL,
  `shipperNo` int(10) NOT NULL DEFAULT '1',
  `CostOfShip` smallint(3) NOT NULL DEFAULT '50'
) ENGINE=InnoDB DEFAULT CHARSET=utf8;

--
-- Dumping data for table `orders`
--

INSERT INTO `orders` (`orderNo`, `isReturned`, `isPaid`, `status`, `created_at`, `updated_at`, `user_id`, `cart_id`, `shipperNo`, `CostOfShip`) VALUES
(106, 1, 0, 2, '2019-06-29 17:15:57', '2019-06-29 17:15:57', 37, '[66,68]', 40, 50),
(107, 0, 1, 2, '2019-06-29 20:29:34', '2019-06-29 20:29:34', 39, '[69]', 41, 50),
(108, 1, 0, 2, '2019-06-30 09:57:54', '2019-06-30 09:57:54', 42, '[70]', 40, 50),
(109, 0, 1, 2, '2019-06-30 11:19:37', '2019-06-30 11:19:37', 44, '[71]', 41, 50),
(110, 0, 1, 2, '2019-06-30 11:21:28', '2019-06-30 11:21:28', 44, '[72]', 41, 50),
(111, 1, 0, 2, '2019-06-30 11:36:52', '2019-06-30 11:36:52', 44, '[73]', 40, 100),
(112, 1, 0, 2, '2019-07-02 12:01:22', '2019-07-02 12:01:22', 37, '[76,77]', 40, 50),
(113, 1, 0, 2, '2019-07-03 18:04:28', '2019-07-03 18:04:28', 37, '[83]', 41, 50),
(114, 0, 0, 1, '2019-07-04 10:07:07', '2019-07-04 10:07:07', 39, '[84,85]', 41, 50),
(115, 1, 0, 2, '2019-07-04 12:23:18', '2019-07-04 12:23:18', 39, '[86]', 41, 100),
(116, 0, 0, 1, '2019-07-04 12:27:42', '2019-07-04 12:27:42', 39, '[87]', 40, 50),
(121, 0, 1, 2, '2019-07-20 22:38:10', '2019-07-20 22:38:10', 48, '[90]', 40, 200);

-- --------------------------------------------------------

--
-- Table structure for table `sales`
--

CREATE TABLE `sales` (
  `saleNo` int(10) NOT NULL,
  `startDate` varchar(255) NOT NULL,
  `endDate` varchar(255) NOT NULL,
  `percentageValue` tinyint(2) NOT NULL,
  `created_at` timestamp NOT NULL DEFAULT CURRENT_TIMESTAMP,
  `updated_at` timestamp NOT NULL DEFAULT CURRENT_TIMESTAMP,
  `itemsINsale` varchar(255) NOT NULL
) ENGINE=InnoDB DEFAULT CHARSET=utf8;

--
-- Dumping data for table `sales`
--

INSERT INTO `sales` (`saleNo`, `startDate`, `endDate`, `percentageValue`, `created_at`, `updated_at`, `itemsINsale`) VALUES
(38, '2019-06-30', '2019-07-02', 15, '2019-06-30 09:01:07', '2019-06-30 09:01:07', '[\"15\",\"16\",\"25\",\"26\"]'),
(39, '2019-07-03', '2019-07-05', 22, '2019-07-02 19:10:10', '2019-07-02 19:10:10', '[\"14\",\"27\",\"28\",\"30\",\"29\"]'),
(40, '2019-07-03', '2019-07-20', 12, '2019-07-03 15:15:12', '2019-07-03 15:15:12', '[\"4\"]'),
(42, '2019-07-21', '2019-07-23', 15, '2019-07-04 14:40:25', '2019-07-04 14:40:25', '[\"7\",\"26\",\"31\",\"26\",\"7\",\"31\"]'),
(43, '2019-07-06', '2019-07-28', 40, '2019-07-05 14:36:55', '2019-07-05 14:36:55', '[\"21\",\"22\",\"23\"]');

-- --------------------------------------------------------

--
-- Table structure for table `settings`
--

CREATE TABLE `settings` (
  `settingId` int(11) NOT NULL,
  `settingName` text NOT NULL,
  `settingContent` longtext NOT NULL,
  `created_at` timestamp NOT NULL DEFAULT CURRENT_TIMESTAMP,
  `updated_at` timestamp NOT NULL DEFAULT CURRENT_TIMESTAMP
) ENGINE=InnoDB DEFAULT CHARSET=utf8;

--
-- Dumping data for table `settings`
--

INSERT INTO `settings` (`settingId`, `settingName`, `settingContent`, `created_at`, `updated_at`) VALUES
(1, 'facebookURL', 'https://www.facebook.com/groups/231039481008010/', '2019-04-23 11:46:37', '2019-05-26 23:13:43'),
(2, 'twitterURL', 'https://twitter.com/globaldevgate?lang=en', '2019-04-23 11:46:37', '0000-00-00 00:00:00'),
(3, 'googlePlusURL', 'https://twitter.com/googleplus?lang=en', '2019-04-23 11:47:48', '0000-00-00 00:00:00'),
(4, 'youTubeURL', 'https://www.youtube.com/user/AdelSabour', '2019-04-23 11:47:48', '0000-00-00 00:00:00'),
(5, 'sitePhone1', '011123456789', '2019-05-26 22:00:15', '2019-05-26 22:00:15'),
(6, 'sitePhone2', '010123456789', '2019-05-26 22:00:15', '2019-05-26 22:00:15'),
(7, 'Email', 'ghadasuqr6@gmail.com', '2019-05-26 22:03:38', '2019-05-26 22:03:38'),
(8, 'SaleName', 'الصيف', '2019-05-26 22:03:38', '2019-05-26 22:03:38'),
(9, 'sitePhone3', '001123456789', '2019-05-26 22:04:25', '2019-05-26 22:04:25');

-- --------------------------------------------------------

--
-- Table structure for table `shippinginfos`
--

CREATE TABLE `shippinginfos` (
  `infoNo` int(11) NOT NULL,
  `userId` int(11) NOT NULL,
  `orderNo` int(11) NOT NULL,
  `receiverName` varchar(255) NOT NULL,
  `receiverPhone` char(12) NOT NULL,
  `country` varchar(100) NOT NULL,
  `city` varchar(100) NOT NULL,
  `town` varchar(100) NOT NULL,
  `address` varchar(300) NOT NULL,
  `created_at` timestamp NOT NULL DEFAULT CURRENT_TIMESTAMP,
  `updated_at` timestamp NOT NULL DEFAULT CURRENT_TIMESTAMP
) ENGINE=InnoDB DEFAULT CHARSET=utf8;

--
-- Dumping data for table `shippinginfos`
--

INSERT INTO `shippinginfos` (`infoNo`, `userId`, `orderNo`, `receiverName`, `receiverPhone`, `country`, `city`, `town`, `address`, `created_at`, `updated_at`) VALUES
(88, 37, 106, 'خالد صقر', '000123456789', 'مصر', 'قنا', 'قنا', 'العنوان الكامل هنا', '2019-06-29 17:15:57', '2019-06-29 17:15:57'),
(89, 39, 107, 'وليد صقر', '000123456789', 'مصر', 'كفر الشيخ', 'دمرو', 'دمرو الحدادى  , بجوار المسجد الكبير', '2019-06-29 20:29:34', '2019-06-29 20:29:34'),
(90, 42, 108, 'فاطمة الدوانسى', '000123456789', 'مصر', 'كفر الشيخ', 'دمرو', 'دمرو بجوار المسجد الكبير حلف بقالة محمد صلاح', '2019-06-30 09:57:54', '2019-06-30 09:57:54'),
(91, 44, 109, 'حسام الدين قاسم عبد العزيز', '000123456789', 'مصر', 'القاهرة', 'مصر الجديدة', 'مصر الجديدة   حدائق القبة شارع المنتزة', '2019-06-30 11:19:37', '2019-06-30 11:19:37'),
(92, 44, 110, 'حسام الدين قاسم عبد العزيز', '000123456789', 'مصر', 'القاهرة', '6 اكتوبر', 'العنوان كاملا هنا', '2019-06-30 11:21:28', '2019-06-30 11:21:28'),
(93, 44, 111, 'حسام الدين قاسم  عبد العزيز', '000123456789', 'مصر', 'القاهرة', 'مدينة', 'عنوان كلمال  - بجوار مستشفلى الشروق - مش عارفة ليه', '2019-06-30 11:36:52', '2019-06-30 11:36:52'),
(94, 37, 112, 'فاطمة الدوانسى', '000123456789', 'مصر', 'كفر الشيخ', 'سيدى سالم', 'دمرو الحدادى بجوار المسجد الكبير', '2019-07-02 12:01:22', '2019-07-02 12:01:22'),
(95, 37, 113, 'محمد أحمد عيد', '000123456789', 'مصر', 'القن', 'مها', 'العنوان الكامل', '2019-07-03 18:04:28', '2019-07-03 18:04:28'),
(96, 39, 114, 'محمد صقر عبد الجليل', '000123456789', 'مصر', 'كفر الشيخ', 'سيدى سالم', 'دمرو الحدادى بجوار المسجد  , بقالة محمد صلاح', '2019-07-04 10:07:08', '2019-07-04 10:07:08'),
(97, 39, 115, 'مستلم عبد الله', '000123456789', 'البلد', 'محافظة', 'مدينة', 'عنوان كامل', '2019-07-04 12:23:18', '2019-07-04 12:23:18'),
(98, 39, 116, 'مستلم عبد العزيز', '000123456789', 'مصر', 'اسيوط', 'اسيوط مدينة', 'العنوان الكامل للمدينة', '2019-07-04 12:27:42', '2019-07-04 12:27:42'),
(103, 48, 121, 'فاطمة الدوانسى', '000123456789', 'مصر', 'كفر الشيخ', 'مدينة', 'العنوان هنا', '2019-07-20 22:38:10', '2019-07-20 22:38:10');

-- --------------------------------------------------------

--
-- Table structure for table `sizes`
--

CREATE TABLE `sizes` (
  `id` int(11) NOT NULL,
  `id_color` int(11) NOT NULL,
  `size` varchar(50) NOT NULL,
  `count` int(5) NOT NULL,
  `created_at` timestamp NOT NULL DEFAULT CURRENT_TIMESTAMP,
  `updated_at` timestamp NOT NULL DEFAULT CURRENT_TIMESTAMP
) ENGINE=InnoDB DEFAULT CHARSET=utf8;

--
-- Dumping data for table `sizes`
--

INSERT INTO `sizes` (`id`, `id_color`, `size`, `count`, `created_at`, `updated_at`) VALUES
(1670, 346, 'xxL', 12, '2019-07-10 22:42:33', '2019-07-10 22:42:33'),
(1671, 346, 'XL', 12, '2019-07-10 22:42:33', '2019-07-10 22:42:33'),
(1672, 346, 'L', 12, '2019-07-10 22:42:33', '2019-07-10 22:42:33'),
(1673, 346, 'M', 12, '2019-07-10 22:42:33', '2019-07-10 22:42:33'),
(1674, 347, 'xxL', 12, '2019-07-10 22:42:34', '2019-07-10 22:42:34'),
(1675, 347, 'XL', 12, '2019-07-10 22:42:34', '2019-07-10 22:42:34'),
(1676, 347, 'L', 12, '2019-07-10 22:42:34', '2019-07-10 22:42:34'),
(1677, 347, 'M', 12, '2019-07-10 22:42:34', '2019-07-10 22:42:34'),
(1678, 348, 'xxL', 12, '2019-07-10 22:42:34', '2019-07-10 22:42:34'),
(1679, 348, 'XL', 12, '2019-07-10 22:42:34', '2019-07-10 22:42:34'),
(1680, 348, 'L', 12, '2019-07-10 22:42:34', '2019-07-10 22:42:34'),
(1681, 349, 'xxL', 12, '2019-07-10 22:42:34', '2019-07-10 22:42:34'),
(1682, 349, 'XL', 12, '2019-07-10 22:42:34', '2019-07-10 22:42:34'),
(1683, 349, 'L', 12, '2019-07-10 22:42:34', '2019-07-10 22:42:34'),
(1684, 350, 'xxL', 30, '2019-07-10 22:43:33', '2019-07-10 22:43:33'),
(1685, 350, 'XL', 30, '2019-07-10 22:43:33', '2019-07-10 22:43:33'),
(1686, 350, 'L', 30, '2019-07-10 22:43:33', '2019-07-10 22:43:33'),
(1687, 351, 'xxL', 30, '2019-07-10 22:43:33', '2019-07-10 22:43:33'),
(1688, 351, 'XL', 30, '2019-07-10 22:43:33', '2019-07-10 22:43:33'),
(1689, 351, 'L', 30, '2019-07-10 22:43:33', '2019-07-10 22:43:33'),
(1690, 352, 'xxL', 30, '2019-07-10 22:43:34', '2019-07-10 22:43:34'),
(1691, 352, 'XL', 30, '2019-07-10 22:43:34', '2019-07-10 22:43:34'),
(1692, 352, 'L', 30, '2019-07-10 22:43:34', '2019-07-10 22:43:34'),
(1693, 353, 'xxL', 30, '2019-07-10 22:43:34', '2019-07-10 22:43:34'),
(1694, 353, 'XL', 30, '2019-07-10 22:43:34', '2019-07-10 22:43:34'),
(1695, 353, 'L', 30, '2019-07-10 22:43:34', '2019-07-10 22:43:34'),
(1696, 353, 'M', 30, '2019-07-10 22:43:34', '2019-07-10 22:43:34'),
(1697, 353, 'S', 30, '2019-07-10 22:43:34', '2019-07-10 22:43:34'),
(1744, 364, 'xxL', 35, '2019-07-11 02:51:29', '2019-07-11 02:51:29'),
(1745, 364, 'XL', 35, '2019-07-11 02:51:29', '2019-07-11 02:51:29'),
(1746, 364, 'L', 35, '2019-07-11 02:51:29', '2019-07-11 02:51:29'),
(1747, 364, 'M', 35, '2019-07-11 02:51:30', '2019-07-11 02:51:30'),
(1748, 365, 'xxL', 35, '2019-07-11 02:51:32', '2019-07-11 02:51:32'),
(1749, 365, 'XL', 35, '2019-07-11 02:51:33', '2019-07-11 02:51:33'),
(1750, 365, 'L', 35, '2019-07-11 02:51:33', '2019-07-11 02:51:33'),
(1751, 365, 'M', 35, '2019-07-11 02:51:33', '2019-07-11 02:51:33'),
(1752, 366, 'xxL', 35, '2019-07-11 02:51:33', '2019-07-11 02:51:33'),
(1753, 366, 'XL', 35, '2019-07-11 02:51:33', '2019-07-11 02:51:33'),
(1754, 366, 'L', 35, '2019-07-11 02:51:34', '2019-07-11 02:51:34'),
(1755, 366, 'M', 35, '2019-07-11 02:51:34', '2019-07-11 02:51:34'),
(1756, 367, 'xxL', 35, '2019-07-11 02:51:35', '2019-07-11 02:51:35'),
(1757, 367, 'XL', 35, '2019-07-11 02:51:36', '2019-07-11 02:51:36'),
(1758, 367, 'L', 35, '2019-07-11 02:51:36', '2019-07-11 02:51:36'),
(1759, 367, 'M', 35, '2019-07-11 02:51:37', '2019-07-11 02:51:37'),
(1760, 368, 'xxL', 35, '2019-07-11 02:51:37', '2019-07-11 02:51:37'),
(1761, 368, 'XL', 35, '2019-07-11 02:51:38', '2019-07-11 02:51:38'),
(1762, 368, 'L', 35, '2019-07-11 02:51:38', '2019-07-11 02:51:38'),
(1763, 368, 'M', 35, '2019-07-11 02:51:38', '2019-07-11 02:51:38'),
(1765, 370, 'xxL', 19, '2019-07-11 02:52:58', '2019-07-11 02:52:58'),
(1766, 370, 'XL', 19, '2019-07-11 02:53:01', '2019-07-11 02:53:01'),
(1767, 370, 'L', 19, '2019-07-11 02:53:01', '2019-07-11 02:53:01'),
(1768, 370, 'M', 19, '2019-07-11 02:53:02', '2019-07-11 02:53:02'),
(1769, 370, 'S', 19, '2019-07-11 02:53:03', '2019-07-11 02:53:03'),
(1770, 371, 'xxL', 19, '2019-07-11 02:53:04', '2019-07-11 02:53:04'),
(1771, 371, 'XL', 19, '2019-07-11 02:53:05', '2019-07-11 02:53:05'),
(1772, 371, 'L', 19, '2019-07-11 02:53:06', '2019-07-11 02:53:06'),
(1773, 371, 'M', 19, '2019-07-11 02:53:08', '2019-07-11 02:53:08'),
(1774, 371, 'S', 19, '2019-07-11 02:53:09', '2019-07-11 02:53:09'),
(1775, 372, 'xxL', 19, '2019-07-11 02:53:10', '2019-07-11 02:53:10'),
(1776, 372, 'XL', 19, '2019-07-11 02:53:10', '2019-07-11 02:53:10'),
(1777, 372, 'L', 19, '2019-07-11 02:53:11', '2019-07-11 02:53:11'),
(1778, 372, 'M', 19, '2019-07-11 02:53:12', '2019-07-11 02:53:12'),
(1779, 372, 'S', 19, '2019-07-11 02:53:14', '2019-07-11 02:53:14'),
(1780, 373, 'xxL', 19, '2019-07-11 02:53:16', '2019-07-11 02:53:16'),
(1781, 373, 'XL', 19, '2019-07-11 02:53:16', '2019-07-11 02:53:16'),
(1782, 373, 'L', 19, '2019-07-11 02:53:16', '2019-07-11 02:53:16'),
(1783, 373, 'M', 19, '2019-07-11 02:53:17', '2019-07-11 02:53:17'),
(1784, 373, 'S', 19, '2019-07-11 02:53:17', '2019-07-11 02:53:17'),
(1785, 374, 'xxL', 19, '2019-07-11 02:53:19', '2019-07-11 02:53:19'),
(1786, 374, 'XL', 19, '2019-07-11 02:53:19', '2019-07-11 02:53:19'),
(1787, 374, 'L', 19, '2019-07-11 02:53:20', '2019-07-11 02:53:20'),
(1788, 374, 'M', 19, '2019-07-11 02:53:20', '2019-07-11 02:53:20'),
(1789, 374, 'S', 19, '2019-07-11 02:53:21', '2019-07-11 02:53:21'),
(1790, 375, 'XL', 50, '2019-07-11 02:54:19', '2019-07-11 02:54:19'),
(1791, 375, 'L', 50, '2019-07-11 02:54:19', '2019-07-11 02:54:19'),
(1792, 375, 'M', 50, '2019-07-11 02:54:19', '2019-07-11 02:54:19'),
(1793, 375, 'S', 50, '2019-07-11 02:54:19', '2019-07-11 02:54:19'),
(1794, 376, 'XL', 50, '2019-07-11 02:54:20', '2019-07-11 02:54:20'),
(1795, 376, 'L', 50, '2019-07-11 02:54:21', '2019-07-11 02:54:21'),
(1796, 376, 'M', 50, '2019-07-11 02:54:21', '2019-07-11 02:54:21'),
(1797, 376, 'S', 50, '2019-07-11 02:54:21', '2019-07-11 02:54:21'),
(1798, 377, 'XL', 50, '2019-07-11 02:54:23', '2019-07-11 02:54:23'),
(1799, 377, 'L', 50, '2019-07-11 02:54:23', '2019-07-11 02:54:23'),
(1800, 377, 'M', 50, '2019-07-11 02:54:23', '2019-07-11 02:54:23'),
(1801, 377, 'S', 50, '2019-07-11 02:54:23', '2019-07-11 02:54:23'),
(1802, 379, 'xxL', 100, '2019-07-11 02:54:55', '2019-07-11 02:54:55'),
(1803, 379, 'XL', 100, '2019-07-11 02:54:57', '2019-07-11 02:54:57'),
(1804, 379, 'L', 100, '2019-07-11 02:54:57', '2019-07-11 02:54:57'),
(1805, 379, 'M', 100, '2019-07-11 02:54:57', '2019-07-11 02:54:57'),
(1806, 379, 'S', 100, '2019-07-11 02:54:57', '2019-07-11 02:54:57'),
(1807, 380, 'XL', 100, '2019-07-11 02:56:23', '2019-07-11 02:56:23'),
(1808, 380, 'L', 100, '2019-07-11 02:56:23', '2019-07-11 02:56:23'),
(1809, 380, 'M', 100, '2019-07-11 02:56:23', '2019-07-11 02:56:23'),
(1810, 380, 'S', 100, '2019-07-11 02:56:24', '2019-07-11 02:56:24'),
(1811, 381, 'XL', 100, '2019-07-11 02:56:25', '2019-07-11 02:56:25'),
(1812, 381, 'L', 100, '2019-07-11 02:56:25', '2019-07-11 02:56:25'),
(1813, 381, 'M', 100, '2019-07-11 02:56:25', '2019-07-11 02:56:25'),
(1814, 381, 'S', 100, '2019-07-11 02:56:25', '2019-07-11 02:56:25'),
(1815, 382, 'XL', 100, '2019-07-11 02:56:25', '2019-07-11 02:56:25'),
(1816, 382, 'L', 100, '2019-07-11 02:56:25', '2019-07-11 02:56:25'),
(1817, 382, 'M', 100, '2019-07-11 02:56:26', '2019-07-11 02:56:26'),
(1818, 382, 'S', 100, '2019-07-11 02:56:26', '2019-07-11 02:56:26'),
(1819, 383, 'XL', 100, '2019-07-11 02:56:26', '2019-07-11 02:56:26'),
(1820, 383, 'L', 100, '2019-07-11 02:56:26', '2019-07-11 02:56:26'),
(1821, 383, 'M', 100, '2019-07-11 02:56:26', '2019-07-11 02:56:26'),
(1822, 383, 'S', 100, '2019-07-11 02:56:27', '2019-07-11 02:56:27'),
(1823, 384, 'XL', 20, '2019-07-11 02:57:04', '2019-07-11 02:57:04'),
(1824, 384, 'L', 20, '2019-07-11 02:57:05', '2019-07-11 02:57:05'),
(1825, 384, 'M', 20, '2019-07-11 02:57:05', '2019-07-11 02:57:05'),
(1826, 384, 'S', 20, '2019-07-11 02:57:05', '2019-07-11 02:57:05'),
(1827, 385, 'XL', 20, '2019-07-11 02:57:05', '2019-07-11 02:57:05'),
(1828, 385, 'L', 20, '2019-07-11 02:57:05', '2019-07-11 02:57:05'),
(1829, 385, 'M', 20, '2019-07-11 02:57:05', '2019-07-11 02:57:05'),
(1830, 385, 'S', 20, '2019-07-11 02:57:05', '2019-07-11 02:57:05'),
(1831, 386, 'XL', 20, '2019-07-11 02:57:06', '2019-07-11 02:57:06'),
(1832, 386, 'L', 20, '2019-07-11 02:57:06', '2019-07-11 02:57:06'),
(1833, 386, 'M', 20, '2019-07-11 02:57:06', '2019-07-11 02:57:06'),
(1834, 386, 'S', 20, '2019-07-11 02:57:06', '2019-07-11 02:57:06'),
(1850, 392, 'xxL', 10, '2019-07-11 02:58:41', '2019-07-11 02:58:41'),
(1851, 392, 'XL', 10, '2019-07-11 02:58:41', '2019-07-11 02:58:41'),
(1852, 392, 'L', 10, '2019-07-11 02:58:41', '2019-07-11 02:58:41'),
(1853, 392, 'M', 10, '2019-07-11 02:58:41', '2019-07-11 02:58:41'),
(1854, 392, 'S', 10, '2019-07-11 02:58:41', '2019-07-11 02:58:41'),
(1855, 393, 'xxL', 45, '2019-07-11 03:05:25', '2019-07-11 03:05:25'),
(1856, 393, 'XL', 45, '2019-07-11 03:05:25', '2019-07-11 03:05:25'),
(1857, 393, 'L', 45, '2019-07-11 03:05:25', '2019-07-11 03:05:25'),
(1858, 393, 'M', 45, '2019-07-11 03:05:25', '2019-07-11 03:05:25'),
(1859, 393, 'S', 45, '2019-07-11 03:05:26', '2019-07-11 03:05:26'),
(1860, 394, 'L', 5, '2019-07-11 03:06:50', '2019-07-11 03:06:50'),
(1861, 394, 'M', 5, '2019-07-11 03:06:50', '2019-07-11 03:06:50'),
(1862, 394, 'S', 5, '2019-07-11 03:06:51', '2019-07-11 03:06:51'),
(1863, 395, 'L', 5, '2019-07-11 03:06:51', '2019-07-11 03:06:51'),
(1864, 395, 'M', 5, '2019-07-11 03:06:51', '2019-07-11 03:06:51'),
(1865, 395, 'S', 5, '2019-07-11 03:06:51', '2019-07-11 03:06:51'),
(1866, 396, 'L', 5, '2019-07-11 03:06:53', '2019-07-11 03:06:53'),
(1867, 396, 'M', 5, '2019-07-11 03:06:53', '2019-07-11 03:06:53'),
(1868, 396, 'S', 5, '2019-07-11 03:06:53', '2019-07-11 03:06:53'),
(1869, 397, 'L', 5, '2019-07-11 03:06:55', '2019-07-11 03:06:55'),
(1870, 397, 'M', 5, '2019-07-11 03:06:55', '2019-07-11 03:06:55'),
(1871, 397, 'S', 5, '2019-07-11 03:06:56', '2019-07-11 03:06:56'),
(1881, 402, 'L', 100, '2019-07-11 03:08:19', '2019-07-11 03:08:19'),
(1882, 402, 'M', 100, '2019-07-11 03:08:19', '2019-07-11 03:08:19'),
(1883, 402, 'S', 100, '2019-07-11 03:08:19', '2019-07-11 03:08:19'),
(1884, 403, 'L', 100, '2019-07-11 03:08:20', '2019-07-11 03:08:20'),
(1885, 403, 'M', 100, '2019-07-11 03:08:20', '2019-07-11 03:08:20'),
(1886, 403, 'S', 100, '2019-07-11 03:08:20', '2019-07-11 03:08:20'),
(1887, 404, 'L', 100, '2019-07-11 03:08:21', '2019-07-11 03:08:21'),
(1888, 404, 'M', 100, '2019-07-11 03:08:21', '2019-07-11 03:08:21'),
(1889, 404, 'S', 100, '2019-07-11 03:08:21', '2019-07-11 03:08:21'),
(1890, 405, 'L', 101, '2019-07-11 03:08:21', '2019-07-11 03:08:21'),
(1891, 405, 'M', 100, '2019-07-11 03:08:21', '2019-07-11 03:08:21'),
(1892, 405, 'S', 100, '2019-07-11 03:08:21', '2019-07-11 03:08:21'),
(1893, 406, 'L', 40, '2019-07-11 03:09:09', '2019-07-11 03:09:09'),
(1894, 406, 'M', 40, '2019-07-11 03:09:09', '2019-07-11 03:09:09'),
(1895, 406, 'S', 40, '2019-07-11 03:09:09', '2019-07-11 03:09:09'),
(1896, 407, 'L', 40, '2019-07-11 03:09:10', '2019-07-11 03:09:10'),
(1897, 407, 'M', 40, '2019-07-11 03:09:10', '2019-07-11 03:09:10'),
(1898, 407, 'S', 40, '2019-07-11 03:09:10', '2019-07-11 03:09:10'),
(1899, 408, 'L', 40, '2019-07-11 03:09:10', '2019-07-11 03:09:10'),
(1900, 408, 'M', 40, '2019-07-11 03:09:10', '2019-07-11 03:09:10'),
(1901, 408, 'S', 40, '2019-07-11 03:09:10', '2019-07-11 03:09:10'),
(1902, 409, 'L', 40, '2019-07-11 03:09:10', '2019-07-11 03:09:10'),
(1903, 409, 'M', 40, '2019-07-11 03:09:10', '2019-07-11 03:09:10'),
(1904, 409, 'S', 40, '2019-07-11 03:09:10', '2019-07-11 03:09:10'),
(1945, 428, 'L', 19, '2019-07-11 03:33:22', '2019-07-11 03:33:22'),
(1946, 428, 'M', 19, '2019-07-11 03:33:22', '2019-07-11 03:33:22'),
(1947, 428, 'S', 19, '2019-07-11 03:33:22', '2019-07-11 03:33:22'),
(1948, 429, 'L', 19, '2019-07-11 03:33:22', '2019-07-11 03:33:22'),
(1949, 429, 'M', 19, '2019-07-11 03:33:22', '2019-07-11 03:33:22'),
(1950, 429, 'S', 19, '2019-07-11 03:33:22', '2019-07-11 03:33:22'),
(1954, 431, 'XL', 200, '2019-07-11 03:38:34', '2019-07-11 03:38:34'),
(1955, 431, 'L', 200, '2019-07-11 03:38:34', '2019-07-11 03:38:34'),
(1956, 431, 'M', 200, '2019-07-11 03:38:34', '2019-07-11 03:38:34'),
(1957, 432, 'XL', 200, '2019-07-11 03:38:34', '2019-07-11 03:38:34'),
(1958, 432, 'L', 200, '2019-07-11 03:38:34', '2019-07-11 03:38:34'),
(1959, 432, 'M', 200, '2019-07-11 03:38:34', '2019-07-11 03:38:34'),
(2078, 467, 'xxL', 5, '2019-07-20 06:30:01', '2019-07-20 06:30:01'),
(2079, 467, 'XL', 5, '2019-07-20 06:30:03', '2019-07-20 06:30:03'),
(2080, 467, 'L', 5, '2019-07-20 06:30:03', '2019-07-20 06:30:03'),
(2081, 468, 'M', 5, '2019-07-20 06:30:05', '2019-07-20 06:30:05'),
(2082, 468, 'S', 5, '2019-07-20 06:30:06', '2019-07-20 06:30:06'),
(2083, 469, 'L', 10, '2019-07-20 06:35:22', '2019-07-20 06:35:22'),
(2084, 469, 'M', 9, '2019-07-20 06:35:22', '2019-07-20 06:35:22'),
(2085, 469, 'S', 10, '2019-07-20 06:35:22', '2019-07-20 06:35:22'),
(2086, 470, 'xxL', 10, '2019-07-20 06:35:38', '2019-07-20 06:35:38'),
(2087, 470, 'XL', 10, '2019-07-20 06:35:38', '2019-07-20 06:35:38'),
(2088, 470, 'L', 10, '2019-07-20 06:35:38', '2019-07-20 06:35:38'),
(2089, 470, 'M', 10, '2019-07-20 06:35:38', '2019-07-20 06:35:38'),
(2090, 470, 'S', 10, '2019-07-20 06:35:38', '2019-07-20 06:35:38'),
(2091, 471, 'xxL', 10, '2019-07-20 06:35:39', '2019-07-20 06:35:39'),
(2092, 471, 'XL', 10, '2019-07-20 06:35:39', '2019-07-20 06:35:39'),
(2093, 471, 'L', 10, '2019-07-20 06:35:39', '2019-07-20 06:35:39'),
(2094, 471, 'M', 10, '2019-07-20 06:35:39', '2019-07-20 06:35:39'),
(2095, 471, 'S', 10, '2019-07-20 06:35:39', '2019-07-20 06:35:39'),
(2126, 478, 'xxL', 50, '2019-07-20 06:36:41', '2019-07-20 06:36:41'),
(2127, 478, 'XL', 50, '2019-07-20 06:36:42', '2019-07-20 06:36:42'),
(2128, 478, 'L', 50, '2019-07-20 06:36:44', '2019-07-20 06:36:44'),
(2129, 478, 'M', 50, '2019-07-20 06:36:44', '2019-07-20 06:36:44'),
(2130, 479, 'xxL', 50, '2019-07-20 06:36:45', '2019-07-20 06:36:45'),
(2131, 479, 'XL', 50, '2019-07-20 06:36:45', '2019-07-20 06:36:45'),
(2132, 479, 'L', 50, '2019-07-20 06:36:46', '2019-07-20 06:36:46'),
(2133, 479, 'M', 50, '2019-07-20 06:36:47', '2019-07-20 06:36:47'),
(2134, 480, 'xxL', 50, '2019-07-20 06:36:50', '2019-07-20 06:36:50'),
(2135, 480, 'XL', 50, '2019-07-20 06:36:50', '2019-07-20 06:36:50'),
(2136, 480, 'L', 50, '2019-07-20 06:36:51', '2019-07-20 06:36:51'),
(2137, 480, 'M', 50, '2019-07-20 06:36:51', '2019-07-20 06:36:51'),
(2138, 481, 'xxL', 50, '2019-07-20 06:36:51', '2019-07-20 06:36:51'),
(2139, 481, 'XL', 50, '2019-07-20 06:36:55', '2019-07-20 06:36:55'),
(2140, 481, 'L', 50, '2019-07-20 06:36:56', '2019-07-20 06:36:56'),
(2141, 481, 'M', 50, '2019-07-20 06:36:56', '2019-07-20 06:36:56'),
(2142, 482, 'XL', 50, '2019-07-20 06:37:28', '2019-07-20 06:37:28'),
(2143, 482, 'L', 50, '2019-07-20 06:37:28', '2019-07-20 06:37:28'),
(2144, 482, 'M', 50, '2019-07-20 06:37:28', '2019-07-20 06:37:28'),
(2145, 483, 'XL', 50, '2019-07-20 06:37:28', '2019-07-20 06:37:28'),
(2146, 483, 'L', 50, '2019-07-20 06:37:28', '2019-07-20 06:37:28'),
(2147, 483, 'M', 50, '2019-07-20 06:37:28', '2019-07-20 06:37:28'),
(2148, 484, 'XL', 50, '2019-07-20 06:37:29', '2019-07-20 06:37:29'),
(2149, 484, 'L', 50, '2019-07-20 06:37:29', '2019-07-20 06:37:29'),
(2150, 484, 'M', 50, '2019-07-20 06:37:29', '2019-07-20 06:37:29'),
(2151, 485, 'XL', 50, '2019-07-20 06:37:29', '2019-07-20 06:37:29'),
(2152, 485, 'L', 50, '2019-07-20 06:37:29', '2019-07-20 06:37:29'),
(2153, 485, 'M', 50, '2019-07-20 06:37:30', '2019-07-20 06:37:30'),
(2154, 486, 'XL', 50, '2019-07-20 06:37:30', '2019-07-20 06:37:30'),
(2155, 486, 'L', 50, '2019-07-20 06:37:30', '2019-07-20 06:37:30'),
(2156, 486, 'M', 50, '2019-07-20 06:37:30', '2019-07-20 06:37:30'),
(2157, 487, 'L', 10, '2019-07-20 06:37:58', '2019-07-20 06:37:58'),
(2158, 487, 'M', 10, '2019-07-20 06:37:58', '2019-07-20 06:37:58'),
(2159, 487, 'S', 10, '2019-07-20 06:37:58', '2019-07-20 06:37:58'),
(2160, 488, 'L', 10, '2019-07-20 06:37:58', '2019-07-20 06:37:58'),
(2161, 488, 'M', 10, '2019-07-20 06:37:59', '2019-07-20 06:37:59'),
(2162, 488, 'S', 10, '2019-07-20 06:37:59', '2019-07-20 06:37:59'),
(2163, 489, 'L', 10, '2019-07-20 06:37:59', '2019-07-20 06:37:59'),
(2164, 489, 'M', 10, '2019-07-20 06:37:59', '2019-07-20 06:37:59'),
(2165, 489, 'S', 10, '2019-07-20 06:37:59', '2019-07-20 06:37:59'),
(2166, 490, 'xxL', 10, '2019-07-20 23:42:49', '2019-07-20 23:42:49'),
(2167, 490, 'XL', 10, '2019-07-20 23:42:49', '2019-07-20 23:42:49'),
(2168, 490, 'L', 10, '2019-07-20 23:42:49', '2019-07-20 23:42:49'),
(2169, 490, 'M', 10, '2019-07-20 23:42:49', '2019-07-20 23:42:49'),
(2170, 490, 'S', 10, '2019-07-20 23:42:49', '2019-07-20 23:42:49'),
(2171, 491, 'xxL', 10, '2019-07-20 23:42:49', '2019-07-20 23:42:49'),
(2172, 491, 'XL', 10, '2019-07-20 23:42:49', '2019-07-20 23:42:49'),
(2173, 492, 'xxL', 17, '2019-07-21 00:21:57', '2019-07-21 00:21:57'),
(2174, 492, 'XL', 17, '2019-07-21 00:21:57', '2019-07-21 00:21:57'),
(2175, 492, 'L', 17, '2019-07-21 00:21:58', '2019-07-21 00:21:58'),
(2176, 492, 'M', 17, '2019-07-21 00:21:58', '2019-07-21 00:21:58'),
(2177, 492, 'S', 17, '2019-07-21 00:21:58', '2019-07-21 00:21:58'),
(2178, 493, 'xxL', 17, '2019-07-21 00:21:58', '2019-07-21 00:21:58'),
(2179, 493, 'XL', 17, '2019-07-21 00:21:58', '2019-07-21 00:21:58'),
(2180, 493, 'L', 17, '2019-07-21 00:21:58', '2019-07-21 00:21:58'),
(2181, 493, 'M', 17, '2019-07-21 00:21:58', '2019-07-21 00:21:58'),
(2182, 493, 'S', 17, '2019-07-21 00:21:58', '2019-07-21 00:21:58'),
(2183, 494, 'xxL', 22, '2019-07-21 00:21:59', '2019-07-21 00:21:59'),
(2184, 494, 'XL', 17, '2019-07-21 00:21:59', '2019-07-21 00:21:59'),
(2185, 494, 'L', 17, '2019-07-21 00:21:59', '2019-07-21 00:21:59'),
(2186, 494, 'M', 17, '2019-07-21 00:21:59', '2019-07-21 00:21:59'),
(2187, 494, 'S', 17, '2019-07-21 00:21:59', '2019-07-21 00:21:59'),
(2188, 495, 'xxL', 17, '2019-07-21 00:21:59', '2019-07-21 00:21:59'),
(2189, 495, 'XL', 17, '2019-07-21 00:21:59', '2019-07-21 00:21:59'),
(2190, 495, 'L', 17, '2019-07-21 00:21:59', '2019-07-21 00:21:59'),
(2191, 495, 'M', 17, '2019-07-21 00:21:59', '2019-07-21 00:21:59'),
(2192, 495, 'S', 17, '2019-07-21 00:21:59', '2019-07-21 00:21:59'),
(2193, 496, 'xxL', 200, '2019-07-21 02:29:48', '2019-07-21 02:29:48'),
(2194, 496, 'XL', 200, '2019-07-21 02:29:48', '2019-07-21 02:29:48'),
(2195, 496, 'L', 200, '2019-07-21 02:29:48', '2019-07-21 02:29:48'),
(2196, 496, 'M', 200, '2019-07-21 02:29:48', '2019-07-21 02:29:48'),
(2197, 496, 'S', 200, '2019-07-21 02:29:48', '2019-07-21 02:29:48'),
(2198, 497, 'xxL', 200, '2019-07-21 02:29:48', '2019-07-21 02:29:48'),
(2199, 497, 'XL', 200, '2019-07-21 02:29:48', '2019-07-21 02:29:48'),
(2200, 497, 'L', 200, '2019-07-21 02:29:48', '2019-07-21 02:29:48'),
(2201, 498, 'M', 200, '2019-07-21 02:29:48', '2019-07-21 02:29:48'),
(2202, 498, 'S', 200, '2019-07-21 02:29:48', '2019-07-21 02:29:48');

-- --------------------------------------------------------

--
-- Table structure for table `sliders`
--

CREATE TABLE `sliders` (
  `sliderNo` int(11) NOT NULL,
  `itemCode` int(10) NOT NULL,
  `title1` varchar(250) NOT NULL,
  `title2` varchar(250) NOT NULL,
  `content` varchar(500) NOT NULL,
  `created_at` timestamp NOT NULL DEFAULT CURRENT_TIMESTAMP,
  `updated_at` timestamp NOT NULL DEFAULT CURRENT_TIMESTAMP,
  `sort` tinyint(2) NOT NULL DEFAULT '1',
  `active` char(5) NOT NULL DEFAULT 'نعم'
) ENGINE=InnoDB DEFAULT CHARSET=utf8;

--
-- Dumping data for table `sliders`
--

INSERT INTO `sliders` (`sliderNo`, `itemCode`, `title1`, `title2`, `content`, `created_at`, `updated_at`, `sort`, `active`) VALUES
(2, 29, 'شركة مسك', 'أفضل الاسعار لأجود المنتجات', 'نضمن أرخص الأسعار التى لن تجديها فى أى مكان اخرعلى الإطلاق', '2019-04-13 19:39:14', '2019-04-13 19:39:14', 3, 'نعم'),
(11, 4, 'شركة مسك', 'امتزاج الفن ولأصالة العريقة', 'نضمن لزبائننا جمال الصناعة وأناقة العصر مع حشمة الشرق', '2019-04-22 22:12:35', '2019-04-22 22:12:35', 5, 'نعم'),
(14, 21, 'شركة مسك', 'أفضل التصميمات العملية', 'أرقى التصميمات للمرأة العصرية العاملة وطالبة الجامعة', '2019-06-23 19:11:03', '2019-06-23 19:11:03', 6, 'نعم'),
(15, 32, 'شركة مسك', 'كمال الراحة والاستمتاع والبهجة', 'افضل  وأجود أنواع الأقمشة  خاصة القطن والكتان لأناقة مريحة وممتعة', '2019-06-23 19:40:07', '2019-06-23 19:40:07', 4, 'نعم'),
(16, 50, 'شركة مسك', 'فساتين سهرة محتشمة', 'أجمل التصميمات  وأرقى التشكيلات مع الحفاظ على  الاحتشام  والأصالة', '2019-06-25 15:16:16', '2019-06-25 15:16:16', 10, 'نعم'),
(17, 48, 'شركة مسك', 'افخم العبايات الشبابية', 'نتميز بأرقى تشكيلة من العبايات الشبابية والكاجيوال', '2019-07-20 01:52:02', '2019-07-20 01:52:02', 8, 'نعم'),
(18, 21, 'شركة مسك', 'تجربة عنوان', 'تجربة محتوى', '2019-07-20 23:47:51', '2019-07-20 23:47:51', 10, 'نعم');

-- --------------------------------------------------------

--
-- Table structure for table `users`
--

CREATE TABLE `users` (
  `id` int(11) NOT NULL,
  `name` varchar(255) NOT NULL,
  `mail` varchar(400) NOT NULL,
  `password` varchar(255) NOT NULL,
  `code` char(100) DEFAULT NULL,
  `Role` int(2) NOT NULL DEFAULT '0',
  `blocked` tinyint(5) NOT NULL DEFAULT '0',
  `remember_token` varchar(255) DEFAULT NULL,
  `email_verified_at` timestamp NULL DEFAULT NULL,
  `created_at` timestamp NULL DEFAULT NULL,
  `updated_at` timestamp NULL DEFAULT NULL,
  `gender` char(100) NOT NULL DEFAULT 'أنثى'
) ENGINE=InnoDB DEFAULT CHARSET=utf8;

--
-- Dumping data for table `users`
--

INSERT INTO `users` (`id`, `name`, `mail`, `password`, `code`, `Role`, `blocked`, `remember_token`, `email_verified_at`, `created_at`, `updated_at`, `gender`) VALUES
(34, 'data', 'data@gmail.com', '$2y$10$.NN2xRSeV5lcSDAxk43Xc./fiUWkJJ/1E9HPHHTF7Ea07RhoHDzAK', NULL, 0, 0, 'OrVLJXg36dHZ71T4OBhlzCdJDccKFMY7hNvG9MxoCk0pBy2aR7waaGXLWQyV', NULL, '2019-04-07 20:02:03', '2019-04-08 14:42:29', 'أنثى'),
(35, 'test', 'test@gmail.com', '$2y$10$B01w10r6RDmY2jIcLzyd0uZTUxUFGBlYeKL40bBlx6RIzG9860bcG', '530', 0, 0, NULL, NULL, '2019-04-07 21:11:31', '2019-04-07 21:11:31', 'أنثى'),
(36, 'غادة', 'ghada@gmail.com', '$2y$10$f9ruY.Jy1Xp7EBtCN8itM.xqlKwrgl8Uvq4kFymEqcGS1MRdzRyLm', NULL, 1, 0, 'VQa4lW04GEma34ZcQwdrFZRKA74KqEO6cUMXUhB4iHiI20swR8hdDcpRaXjx', NULL, '2019-04-07 21:17:17', '2019-06-28 17:30:08', 'أنثى'),
(37, 'حسام', 'hosam@gmail.com', '$2y$10$ksqSkurDLQPA50qnIF8ZTOdPcPIbXuCL10dBu6xxyuYXF/A6kipFW', '7141', 0, 0, 'TwVbieUCNzrz0EqQECclZvs0mim4JCTAbnYT8bxIrwMdUMhSOMoypGIZ1a7r', NULL, '2019-04-07 21:23:47', '2019-07-02 12:43:36', 'أنثى'),
(38, 'فاطمة', 'fatma@gmail.com', '$2y$10$pzibgwW1FyHuhzZpEYB4ju/eqZH9iVA.SJyk8vnSHQIeB7SIiMSXu', '2612', 1, 0, '4Lr7ZT9t0yLE8wjHO0CAsKSz6aC2Sf53r3EGKTNJHnvao2fEQ0lidOz2pSOZ', NULL, '2019-04-07 21:28:29', '2019-06-23 11:22:17', 'أنثى'),
(39, 'سلمى', 'salma@gmail.com', '$2y$10$OSysdyySIc5x3omHv7YPH.aim9BUekFYAoa6/sM.bP.SVKsq6KOt6', '3945fad937641bf8a52463afdaa95864c25d2120c7cf8a2', 0, 0, 'X6P8itq6y8pYhucHDQgJBChHwvN04UUas6hw7O3nNAQmJih2f0XvDyQwTYxK', NULL, '2019-04-07 21:31:03', '2019-07-06 19:29:27', 'أنثى'),
(40, 'توصيل 1', 'amal@gmail.com', '$2y$10$elNPMK/a3ietFRD.d/CMSupfjbn4UVxgt9f8tJCcH47ErPJBW3qUO', '5412', 2, 0, 'LeEerfreOuZYzHbuKuI7UpPFJ0sBjMyQH8BmggCAgXjEzA6aCQU7MR9qCObO', NULL, '2019-04-07 21:33:59', '2019-04-07 21:33:59', 'أنثى'),
(41, 'توصيل2', 'salama@gmail.com', '$2y$10$ImOSIaE.KU8ooYgSmew7t.Upd8Qv9TWIC8MX5XiyBcDQSqCuVD4Tu', '3531', 2, 0, 'jt13ta4ZydCsFJyrcu8UTMT1oJpEFWJLJpBQZfKnI1rK9aNCd4sBBo5T5mpp', NULL, '2019-04-07 21:40:47', '2019-04-07 21:40:47', 'أنثى'),
(42, 'احمد', 'ahmed@gmail.com', '$2y$10$KMePvA3R2OSBw08IAfs6Y.UpZjYPLh1gc.I347jYcWt3vLNUitXMa', '6870', 0, 0, 'MyArTnZnNGuHivh0tCzNwfwnrmCfWwhy9ajIt6dfpyOwhiwsyVBf8TSJuDUH', NULL, '2019-06-26 07:07:55', '2019-06-26 07:08:28', 'أنثى'),
(43, 'user', 'user@gmail.com', '$2y$10$Pm4JLp8Ptmzjqhd9zRMeL.gcMXkgc3hoWhbWJCo2MbKSVMz9ksDtS', NULL, 0, 0, 'U9tf97Xc8o2GbiQYhJx7plVALs0WMcHiZOTgVFnhNvawNoSHW6zcpVyRxYJv', NULL, '2019-06-28 16:37:04', '2019-06-28 17:27:40', 'أنثى'),
(44, 'وليد', 'waleed@gmail.com', '$2y$10$85SC2Q5FSNA2gGH85bSL9OJbUa7BoXQ5Ek.MH9fr00LnBaqwqODwm', NULL, 0, 0, 'rmmJQhlSdM9XdJw0aNY653CF2lrtFdFhpDOmpseB6ku0OYYbDGazzxUwu9Rg', NULL, '2019-06-30 10:38:48', '2019-06-30 11:16:06', 'ذكر'),
(45, 'تست', 'test2@gmail.com', '$2y$10$H35bTjaZ7XIHUxC2jNW7ZOvSUxse0ijtXIvRn.5wwL48FnPytAwKG', NULL, 0, 1, 'mic7HIWOeZ9lB53uRTyFbtYkeXEqpRWAg9hpoqadZGNoXarcpLtywLkOmAfi', NULL, '2019-07-02 12:38:24', '2019-07-02 13:15:19', 'أنثى'),
(46, 'توثيق', 'trust@gmail.com', '$2y$10$L9jF1jog1Wv6LOIe7ioYxeiVjdE5f/lB.rWNbvxAtNDcSB/XyvU.y', '681', 0, 0, NULL, NULL, '2019-07-07 19:54:15', '2019-07-07 19:54:15', 'ذكر'),
(47, 'hgg', '#ff@gmail.com', '$2y$10$JYPzRjHEwpf7cDRP821ZMuJrUjK2k4xURqOSEgclRvDVb1uPjI7Ga', '35', 0, 0, NULL, NULL, '2019-07-20 21:05:37', '2019-07-20 21:05:37', 'أنثى'),
(48, 'سمسم', 'sesem@gmail.com', '$2y$10$xKhZLLH8fcTYMz3fzVzcWOwAsLdQCPcuhx9utcZDsMjQ5URgbUK4W', '8225', 0, 0, 'cO0p331TdV83nNvoEb3nrIBpJ9Fjg6FSVWDX64r37wgzCfb7bVUopca2MpKI', NULL, '2019-07-20 21:12:44', '2019-07-20 21:12:44', 'أنثى');

--
-- Indexes for dumped tables
--

--
-- Indexes for table `carts`
--
ALTER TABLE `carts`
  ADD PRIMARY KEY (`id`),
  ADD KEY `modelNo` (`modelNo`,`code`),
  ADD KEY `user_id` (`user_id`),
  ADD KEY `carts_ibfk_2` (`code`,`modelNo`);

--
-- Indexes for table `categories`
--
ALTER TABLE `categories`
  ADD PRIMARY KEY (`categoryNo`);

--
-- Indexes for table `colors`
--
ALTER TABLE `colors`
  ADD PRIMARY KEY (`id`),
  ADD KEY `code` (`code`);

--
-- Indexes for table `favorites`
--
ALTER TABLE `favorites`
  ADD PRIMARY KEY (`userId`,`code`,`modelNo`),
  ADD KEY `m_no` (`modelNo`,`code`),
  ADD KEY `favorite_item_fk` (`code`,`modelNo`);

--
-- Indexes for table `feedbacks`
--
ALTER TABLE `feedbacks`
  ADD PRIMARY KEY (`feedbackId`),
  ADD KEY `code` (`code`),
  ADD KEY `memberId` (`memberId`);

--
-- Indexes for table `fqs`
--
ALTER TABLE `fqs`
  ADD PRIMARY KEY (`id`);

--
-- Indexes for table `imodels`
--
ALTER TABLE `imodels`
  ADD PRIMARY KEY (`modelNo`),
  ADD KEY `cat_no` (`categoryNo`),
  ADD KEY `cat_no_2` (`categoryNo`);

--
-- Indexes for table `itemimages`
--
ALTER TABLE `itemimages`
  ADD PRIMARY KEY (`imageId`),
  ADD KEY `codeModelNoFK` (`code`,`modelNo`);

--
-- Indexes for table `items`
--
ALTER TABLE `items`
  ADD PRIMARY KEY (`code`,`modelNo`),
  ADD KEY `modelNo` (`modelNo`);

--
-- Indexes for table `migrations`
--
ALTER TABLE `migrations`
  ADD PRIMARY KEY (`id`);

--
-- Indexes for table `names`
--
ALTER TABLE `names`
  ADD PRIMARY KEY (`nameId`);

--
-- Indexes for table `orders`
--
ALTER TABLE `orders`
  ADD PRIMARY KEY (`orderNo`),
  ADD KEY `user_id` (`user_id`,`cart_id`),
  ADD KEY `cart_id` (`cart_id`),
  ADD KEY `shipperNo` (`shipperNo`);

--
-- Indexes for table `sales`
--
ALTER TABLE `sales`
  ADD PRIMARY KEY (`saleNo`);

--
-- Indexes for table `settings`
--
ALTER TABLE `settings`
  ADD PRIMARY KEY (`settingId`);

--
-- Indexes for table `shippinginfos`
--
ALTER TABLE `shippinginfos`
  ADD PRIMARY KEY (`infoNo`),
  ADD KEY `userId` (`userId`,`orderNo`),
  ADD KEY `orderNo` (`orderNo`);

--
-- Indexes for table `sizes`
--
ALTER TABLE `sizes`
  ADD PRIMARY KEY (`id`),
  ADD KEY `id_color` (`id_color`);

--
-- Indexes for table `sliders`
--
ALTER TABLE `sliders`
  ADD PRIMARY KEY (`sliderNo`);

--
-- Indexes for table `users`
--
ALTER TABLE `users`
  ADD PRIMARY KEY (`id`);

--
-- AUTO_INCREMENT for dumped tables
--

--
-- AUTO_INCREMENT for table `carts`
--
ALTER TABLE `carts`
  MODIFY `id` int(11) NOT NULL AUTO_INCREMENT, AUTO_INCREMENT=91;

--
-- AUTO_INCREMENT for table `categories`
--
ALTER TABLE `categories`
  MODIFY `categoryNo` int(4) NOT NULL AUTO_INCREMENT, AUTO_INCREMENT=20;

--
-- AUTO_INCREMENT for table `colors`
--
ALTER TABLE `colors`
  MODIFY `id` int(11) NOT NULL AUTO_INCREMENT, AUTO_INCREMENT=499;

--
-- AUTO_INCREMENT for table `feedbacks`
--
ALTER TABLE `feedbacks`
  MODIFY `feedbackId` int(11) NOT NULL AUTO_INCREMENT, AUTO_INCREMENT=181;

--
-- AUTO_INCREMENT for table `fqs`
--
ALTER TABLE `fqs`
  MODIFY `id` int(11) NOT NULL AUTO_INCREMENT, AUTO_INCREMENT=9;

--
-- AUTO_INCREMENT for table `imodels`
--
ALTER TABLE `imodels`
  MODIFY `modelNo` int(10) NOT NULL AUTO_INCREMENT, AUTO_INCREMENT=28;

--
-- AUTO_INCREMENT for table `itemimages`
--
ALTER TABLE `itemimages`
  MODIFY `imageId` int(11) NOT NULL AUTO_INCREMENT, AUTO_INCREMENT=174;

--
-- AUTO_INCREMENT for table `items`
--
ALTER TABLE `items`
  MODIFY `code` int(10) NOT NULL AUTO_INCREMENT, AUTO_INCREMENT=57;

--
-- AUTO_INCREMENT for table `migrations`
--
ALTER TABLE `migrations`
  MODIFY `id` int(10) UNSIGNED NOT NULL AUTO_INCREMENT;

--
-- AUTO_INCREMENT for table `names`
--
ALTER TABLE `names`
  MODIFY `nameId` int(5) NOT NULL AUTO_INCREMENT, AUTO_INCREMENT=17;

--
-- AUTO_INCREMENT for table `orders`
--
ALTER TABLE `orders`
  MODIFY `orderNo` int(11) NOT NULL AUTO_INCREMENT, AUTO_INCREMENT=122;

--
-- AUTO_INCREMENT for table `sales`
--
ALTER TABLE `sales`
  MODIFY `saleNo` int(10) NOT NULL AUTO_INCREMENT, AUTO_INCREMENT=44;

--
-- AUTO_INCREMENT for table `settings`
--
ALTER TABLE `settings`
  MODIFY `settingId` int(11) NOT NULL AUTO_INCREMENT, AUTO_INCREMENT=10;

--
-- AUTO_INCREMENT for table `shippinginfos`
--
ALTER TABLE `shippinginfos`
  MODIFY `infoNo` int(11) NOT NULL AUTO_INCREMENT, AUTO_INCREMENT=104;

--
-- AUTO_INCREMENT for table `sizes`
--
ALTER TABLE `sizes`
  MODIFY `id` int(11) NOT NULL AUTO_INCREMENT, AUTO_INCREMENT=2203;

--
-- AUTO_INCREMENT for table `sliders`
--
ALTER TABLE `sliders`
  MODIFY `sliderNo` int(11) NOT NULL AUTO_INCREMENT, AUTO_INCREMENT=19;

--
-- AUTO_INCREMENT for table `users`
--
ALTER TABLE `users`
  MODIFY `id` int(11) NOT NULL AUTO_INCREMENT, AUTO_INCREMENT=49;

--
-- Constraints for dumped tables
--

--
-- Constraints for table `carts`
--
ALTER TABLE `carts`
  ADD CONSTRAINT `carts_ibfk_1` FOREIGN KEY (`user_id`) REFERENCES `users` (`id`) ON DELETE CASCADE ON UPDATE CASCADE,
  ADD CONSTRAINT `carts_ibfk_2` FOREIGN KEY (`code`,`modelNo`) REFERENCES `items` (`code`, `modelNo`) ON DELETE CASCADE ON UPDATE CASCADE;

--
-- Constraints for table `colors`
--
ALTER TABLE `colors`
  ADD CONSTRAINT `colors_ibfk_1` FOREIGN KEY (`code`) REFERENCES `items` (`code`) ON DELETE CASCADE ON UPDATE CASCADE;

--
-- Constraints for table `favorites`
--
ALTER TABLE `favorites`
  ADD CONSTRAINT `favorite_item_fk` FOREIGN KEY (`code`,`modelNo`) REFERENCES `items` (`code`, `modelNo`) ON DELETE CASCADE ON UPDATE CASCADE,
  ADD CONSTRAINT `favorites_ibfk_1` FOREIGN KEY (`userId`) REFERENCES `users` (`id`) ON DELETE CASCADE ON UPDATE CASCADE;

--
-- Constraints for table `feedbacks`
--
ALTER TABLE `feedbacks`
  ADD CONSTRAINT `feedbacks_ibfk_1` FOREIGN KEY (`code`) REFERENCES `items` (`code`) ON DELETE CASCADE ON UPDATE CASCADE,
  ADD CONSTRAINT `feedbacks_ibfk_2` FOREIGN KEY (`memberId`) REFERENCES `users` (`id`) ON DELETE CASCADE ON UPDATE CASCADE;

--
-- Constraints for table `imodels`
--
ALTER TABLE `imodels`
  ADD CONSTRAINT `imodels_ibfk_1` FOREIGN KEY (`categoryNo`) REFERENCES `categories` (`categoryNo`) ON DELETE CASCADE ON UPDATE CASCADE;

--
-- Constraints for table `itemimages`
--
ALTER TABLE `itemimages`
  ADD CONSTRAINT `codeModelNoFK` FOREIGN KEY (`code`,`modelNo`) REFERENCES `items` (`code`, `modelNo`) ON DELETE CASCADE ON UPDATE CASCADE;

--
-- Constraints for table `items`
--
ALTER TABLE `items`
  ADD CONSTRAINT `items_ibfk_1` FOREIGN KEY (`modelNo`) REFERENCES `imodels` (`modelNo`) ON UPDATE CASCADE;

--
-- Constraints for table `orders`
--
ALTER TABLE `orders`
  ADD CONSTRAINT `orders_ibfk_1` FOREIGN KEY (`user_id`) REFERENCES `users` (`id`) ON DELETE CASCADE ON UPDATE CASCADE;

--
-- Constraints for table `shippinginfos`
--
ALTER TABLE `shippinginfos`
  ADD CONSTRAINT `shippinginfos_ibfk_1` FOREIGN KEY (`userId`) REFERENCES `users` (`id`) ON UPDATE CASCADE,
  ADD CONSTRAINT `shippinginfos_ibfk_2` FOREIGN KEY (`orderNo`) REFERENCES `orders` (`orderNo`) ON UPDATE CASCADE;

--
-- Constraints for table `sizes`
--
ALTER TABLE `sizes`
  ADD CONSTRAINT `sizes_ibfk_1` FOREIGN KEY (`id_color`) REFERENCES `colors` (`id`) ON DELETE CASCADE ON UPDATE CASCADE;
COMMIT;

/*!40101 SET CHARACTER_SET_CLIENT=@OLD_CHARACTER_SET_CLIENT */;
/*!40101 SET CHARACTER_SET_RESULTS=@OLD_CHARACTER_SET_RESULTS */;
/*!40101 SET COLLATION_CONNECTION=@OLD_COLLATION_CONNECTION */;
